{
"type": "FeatureCollection",
"name": "beat_polygons",
"crs": { "type": "name", "properties": { "name": "urn:ogc:def:crs:OGC:1.3:CRS84" } },
"features": [
{ "type": "Feature", "properties": { "beat_id": 128, "sector_id": 2 }, "geometry": { "type": "Polygon", "coordinates": [ [ [ -118.310052859884124, 34.069367900385807 ], [ -118.30730543581609, 34.065474491445563 ], [ -118.307806452734397, 34.064329431524179 ], [ -118.311148669129039, 34.062916780578455 ], [ -118.313255987462071, 34.063321106611447 ], [ -118.31116340096689, 34.069700064221848 ], [ -118.310052859884124, 34.069367900385807 ] ] ] } },
{ "type": "Feature", "properties": { "beat_id": 221, "sector_id": 2 }, "geometry": { "type": "Polygon", "coordinates": [ [ [ -118.311148669129039, 34.062916780578455 ], [ -118.309284622721705, 34.058938643635038 ], [ -118.309714299010238, 34.058087910851576 ], [ -118.314514, 34.059486 ], [ -118.313255987462071, 34.063321106611447 ], [ -118.311148669129039, 34.062916780578455 ] ] ] } },
{ "type": "Feature", "properties": { "beat_id": 53, "sector_id": 2 }, "geometry": { "type": "Polygon", "coordinates": [ [ [ -118.309284622721705, 34.058938643635038 ], [ -118.304637219820506, 34.060746477024594 ], [ -118.302789369810711, 34.058087952914057 ], [ -118.303274932229044, 34.056212172611488 ], [ -118.309714299010238, 34.058087910851576 ], [ -118.309284622721705, 34.058938643635038 ] ] ] } },
{ "type": "Feature", "properties": { "beat_id": 247, "sector_id": 4 }, "geometry": { "type": "Polygon", "coordinates": [ [ [ -118.297005674127533, 34.100947016982865 ], [ -118.298819046188271, 34.095840978894053 ], [ -118.302605404584867, 34.095782921974504 ], [ -118.300504176032817, 34.102185767815328 ], [ -118.297005674127533, 34.100947016982865 ] ] ] } },
{ "type": "Feature", "properties": { "beat_id": 151, "sector_id": 2 }, "geometry": { "type": "Polygon", "coordinates": [ [ [ -118.31116340096689, 34.069700064221848 ], [ -118.30893696303805, 34.076486521913814 ], [ -118.305355388177361, 34.075186708703448 ], [ -118.305101931905796, 34.070787300471785 ], [ -118.310052859884124, 34.069367900385807 ], [ -118.31116340096689, 34.069700064221848 ] ] ] } },
{ "type": "Feature", "properties": { "beat_id": 97, "sector_id": 2 }, "geometry": { "type": "Polygon", "coordinates": [ [ [ -118.30730543581609, 34.065474491445563 ], [ -118.303102061098343, 34.066515179965776 ], [ -118.30059844561039, 34.064278259534902 ], [ -118.300660010388569, 34.063589292846856 ], [ -118.304591134175595, 34.060952273971822 ], [ -118.307806452734397, 34.064329431524179 ], [ -118.30730543581609, 34.065474491445563 ] ] ] } },
{ "type": "Feature", "properties": { "beat_id": 125, "sector_id": 2 }, "geometry": { "type": "Polygon", "coordinates": [ [ [ -118.307806452734397, 34.064329431524179 ], [ -118.304591134175595, 34.060952273971822 ], [ -118.304637219820506, 34.060746477024594 ], [ -118.309284622721705, 34.058938643635038 ], [ -118.311148669129039, 34.062916780578455 ], [ -118.307806452734397, 34.064329431524179 ] ] ] } },
{ "type": "Feature", "properties": { "beat_id": 98, "sector_id": 2 }, "geometry": { "type": "Polygon", "coordinates": [ [ [ -118.299504181035687, 34.089558723385316 ], [ -118.300532962955714, 34.085316542203927 ], [ -118.305803133652731, 34.086037899534965 ], [ -118.303935340801246, 34.091730101276184 ], [ -118.299504181035687, 34.089558723385316 ] ] ] } },
{ "type": "Feature", "properties": { "beat_id": 26, "sector_id": 2 }, "geometry": { "type": "Polygon", "coordinates": [ [ [ -118.310052859884124, 34.069367900385807 ], [ -118.305101931905796, 34.070787300471785 ], [ -118.302630519135164, 34.069552770326609 ], [ -118.303102061098343, 34.066515179965776 ], [ -118.30730543581609, 34.065474491445563 ], [ -118.310052859884124, 34.069367900385807 ] ] ] } },
{ "type": "Feature", "properties": { "beat_id": 46, "sector_id": 2 }, "geometry": { "type": "Polygon", "coordinates": [ [ [ -118.30893696303805, 34.076486521913814 ], [ -118.307344298357279, 34.081340826919998 ], [ -118.300328105773787, 34.080256198174631 ], [ -118.301609712582206, 34.076060856211981 ], [ -118.305355388177361, 34.075186708703448 ], [ -118.30893696303805, 34.076486521913814 ] ] ] } },
{ "type": "Feature", "properties": { "beat_id": 160, "sector_id": 1 }, "geometry": { "type": "Polygon", "coordinates": [ [ [ -118.28505467083626, 34.054757262947398 ], [ -118.280877981603041, 34.05405674177981 ], [ -118.28153575909991, 34.049879411324753 ], [ -118.287676150480152, 34.051668194860085 ], [ -118.28505467083626, 34.054757262947398 ] ] ] } },
{ "type": "Feature", "properties": { "beat_id": 184, "sector_id": 2 }, "geometry": { "type": "Polygon", "coordinates": [ [ [ -118.300532962955714, 34.085316542203927 ], [ -118.29919266221215, 34.083935970925403 ], [ -118.300184215446606, 34.080352630073143 ], [ -118.300328105773787, 34.080256198174631 ], [ -118.307344298357279, 34.081340826919998 ], [ -118.305803133652731, 34.086037899534965 ], [ -118.300532962955714, 34.085316542203927 ] ] ] } },
{ "type": "Feature", "properties": { "beat_id": 83, "sector_id": 2 }, "geometry": { "type": "Polygon", "coordinates": [ [ [ -118.305355388177361, 34.075186708703448 ], [ -118.301609712582206, 34.076060856211981 ], [ -118.299788217367023, 34.074615453928914 ], [ -118.300916141685136, 34.07017141357116 ], [ -118.302630519135164, 34.069552770326609 ], [ -118.305101931905796, 34.070787300471785 ], [ -118.305355388177361, 34.075186708703448 ] ] ] } },
{ "type": "Feature", "properties": { "beat_id": 183, "sector_id": 2 }, "geometry": { "type": "Polygon", "coordinates": [ [ [ -118.303102061098343, 34.066515179965776 ], [ -118.302630519135164, 34.069552770326609 ], [ -118.300916141685136, 34.07017141357116 ], [ -118.296954740035375, 34.069126854908717 ], [ -118.297212917521904, 34.06602588464753 ], [ -118.30059844561039, 34.064278259534902 ], [ -118.303102061098343, 34.066515179965776 ] ] ] } },
{ "type": "Feature", "properties": { "beat_id": 222, "sector_id": 2 }, "geometry": { "type": "Polygon", "coordinates": [ [ [ -118.304591134175595, 34.060952273971822 ], [ -118.300660010388569, 34.063589292846856 ], [ -118.296664392534524, 34.059713288788615 ], [ -118.296726361444755, 34.059620646773048 ], [ -118.302789369810711, 34.058087952914057 ], [ -118.304637219820506, 34.060746477024594 ], [ -118.304591134175595, 34.060952273971822 ] ] ] } },
{ "type": "Feature", "properties": { "beat_id": 182, "sector_id": 2 }, "geometry": { "type": "Polygon", "coordinates": [ [ [ -118.299788217367023, 34.074615453928914 ], [ -118.295144059957479, 34.074262165164207 ], [ -118.294537956567765, 34.073689081439618 ], [ -118.296072572286249, 34.069605928393045 ], [ -118.296954740035375, 34.069126854908717 ], [ -118.300916141685136, 34.07017141357116 ], [ -118.299788217367023, 34.074615453928914 ] ] ] } },
{ "type": "Feature", "properties": { "beat_id": 178, "sector_id": 2 }, "geometry": { "type": "Polygon", "coordinates": [ [ [ -118.301609712582206, 34.076060856211981 ], [ -118.300328105773787, 34.080256198174631 ], [ -118.300184215446606, 34.080352630073143 ], [ -118.294422763944453, 34.078732711173096 ], [ -118.295144059957479, 34.074262165164207 ], [ -118.299788217367023, 34.074615453928914 ], [ -118.301609712582206, 34.076060856211981 ] ] ] } },
{ "type": "Feature", "properties": { "beat_id": 129, "sector_id": 4 }, "geometry": { "type": "Polygon", "coordinates": [ [ [ -118.303935340801246, 34.091730101276184 ], [ -118.302605404584867, 34.095782921974504 ], [ -118.298819046188271, 34.095840978894053 ], [ -118.297145029085357, 34.095140480857303 ], [ -118.295564267248409, 34.0906890306508 ], [ -118.299504181035687, 34.089558723385316 ], [ -118.303935340801246, 34.091730101276184 ] ] ] } },
{ "type": "Feature", "properties": { "beat_id": 122, "sector_id": 2 }, "geometry": { "type": "Polygon", "coordinates": [ [ [ -118.300660010388569, 34.063589292846856 ], [ -118.30059844561039, 34.064278259534902 ], [ -118.297212917521904, 34.06602588464753 ], [ -118.29346338507797, 34.064283052226294 ], [ -118.296528553293925, 34.059760846060215 ], [ -118.296664392534524, 34.059713288788615 ], [ -118.300660010388569, 34.063589292846856 ] ] ] } },
{ "type": "Feature", "properties": { "beat_id": 31, "sector_id": 2 }, "geometry": { "type": "Polygon", "coordinates": [ [ [ -118.300532962955714, 34.085316542203927 ], [ -118.299504181035687, 34.089558723385316 ], [ -118.295564267248409, 34.0906890306508 ], [ -118.294006439796647, 34.090055065621584 ], [ -118.292678531002252, 34.087064539637062 ], [ -118.293740923574916, 34.085041972016917 ], [ -118.29919266221215, 34.083935970925403 ], [ -118.300532962955714, 34.085316542203927 ] ] ] } },
{ "type": "Feature", "properties": { "beat_id": 13, "sector_id": 1 }, "geometry": { "type": "Polygon", "coordinates": [ [ [ -118.302789369810711, 34.058087952914057 ], [ -118.296726361444755, 34.059620646773048 ], [ -118.296619948087837, 34.054273583068692 ], [ -118.303274932229044, 34.056212172611488 ], [ -118.302789369810711, 34.058087952914057 ] ] ] } },
{ "type": "Feature", "properties": { "beat_id": 152, "sector_id": 4 }, "geometry": { "type": "Polygon", "coordinates": [ [ [ -118.277679620089259, 34.141331239107586 ], [ -118.27763580826597, 34.139123407662964 ], [ -118.286124741923786, 34.126567071630724 ], [ -118.292065789332653, 34.127894268560084 ], [ -118.286361246410607, 34.145269377004503 ], [ -118.277679620089259, 34.141331239107586 ] ] ] } },
{ "type": "Feature", "properties": { "beat_id": 43, "sector_id": 4 }, "geometry": { "type": "Polygon", "coordinates": [ [ [ -118.298819046188271, 34.095840978894053 ], [ -118.297005674127533, 34.100947016982865 ], [ -118.295383591756149, 34.101234169321557 ], [ -118.292765527980691, 34.099968500199424 ], [ -118.292540099958671, 34.096951424492765 ], [ -118.297145029085357, 34.095140480857303 ], [ -118.298819046188271, 34.095840978894053 ] ] ] } },
{ "type": "Feature", "properties": { "beat_id": 47, "sector_id": 2 }, "geometry": { "type": "Polygon", "coordinates": [ [ [ -118.296954740035375, 34.069126854908717 ], [ -118.296072572286249, 34.069605928393045 ], [ -118.290265303151841, 34.067775726808406 ], [ -118.290229283155455, 34.067664966264964 ], [ -118.291674798440113, 34.064670412627706 ], [ -118.29346338507797, 34.064283052226294 ], [ -118.297212917521904, 34.06602588464753 ], [ -118.296954740035375, 34.069126854908717 ] ] ] } },
{ "type": "Feature", "properties": { "beat_id": 120, "sector_id": 2 }, "geometry": { "type": "Polygon", "coordinates": [ [ [ -118.293740923574916, 34.085041972016917 ], [ -118.291074172754591, 34.080769725759041 ], [ -118.291234592165992, 34.080296452920749 ], [ -118.294422763944453, 34.078732711173096 ], [ -118.300184215446606, 34.080352630073143 ], [ -118.29919266221215, 34.083935970925403 ], [ -118.293740923574916, 34.085041972016917 ] ] ] } },
{ "type": "Feature", "properties": { "beat_id": 141, "sector_id": 4 }, "geometry": { "type": "Polygon", "coordinates": [ [ [ -118.297145029085357, 34.095140480857303 ], [ -118.292540099958671, 34.096951424492765 ], [ -118.290752843608004, 34.095906924623499 ], [ -118.290158610361246, 34.092640194389645 ], [ -118.294006439796647, 34.090055065621584 ], [ -118.295564267248409, 34.0906890306508 ], [ -118.297145029085357, 34.095140480857303 ] ] ] } },
{ "type": "Feature", "properties": { "beat_id": 85, "sector_id": 4 }, "geometry": { "type": "Polygon", "coordinates": [ [ [ -118.291404259604121, 34.112885749260201 ], [ -118.290919395986279, 34.107017811134938 ], [ -118.291033450526498, 34.106899422054191 ], [ -118.294389712810926, 34.106092893586158 ], [ -118.298789716659485, 34.107409694995482 ], [ -118.296454668187408, 34.114524027302892 ], [ -118.291404259604121, 34.112885749260201 ] ] ] } },
{ "type": "Feature", "properties": { "beat_id": 175, "sector_id": 4 }, "geometry": { "type": "Polygon", "coordinates": [ [ [ -118.300504176032817, 34.102185767815328 ], [ -118.298789716659485, 34.107409694995482 ], [ -118.294389712810926, 34.106092893586158 ], [ -118.295383591756149, 34.101234169321557 ], [ -118.297005674127533, 34.100947016982865 ], [ -118.300504176032817, 34.102185767815328 ] ] ] } },
{ "type": "Feature", "properties": { "beat_id": 235, "sector_id": 4 }, "geometry": { "type": "Polygon", "coordinates": [ [ [ -118.294389712810926, 34.106092893586158 ], [ -118.291033450526498, 34.106899422054191 ], [ -118.289141582730267, 34.101755801616711 ], [ -118.292765527980691, 34.099968500199424 ], [ -118.295383591756149, 34.101234169321557 ], [ -118.294389712810926, 34.106092893586158 ] ] ] } },
{ "type": "Feature", "properties": { "beat_id": 59, "sector_id": 1 }, "geometry": { "type": "Polygon", "coordinates": [ [ [ -118.296528553293925, 34.059760846060215 ], [ -118.291088149257192, 34.058918675749808 ], [ -118.29009606836739, 34.057936526428477 ], [ -118.292358192204333, 34.05303211499281 ], [ -118.296619948087837, 34.054273583068692 ], [ -118.296726361444755, 34.059620646773048 ], [ -118.296664392534524, 34.059713288788615 ], [ -118.296528553293925, 34.059760846060215 ] ] ] } },
{ "type": "Feature", "properties": { "beat_id": 164, "sector_id": 2 }, "geometry": { "type": "Polygon", "coordinates": [ [ [ -118.294537956567765, 34.073689081439618 ], [ -118.291154732367175, 34.073343717067196 ], [ -118.289077688463919, 34.071054205921648 ], [ -118.290265303151841, 34.067775726808406 ], [ -118.296072572286249, 34.069605928393045 ], [ -118.294537956567765, 34.073689081439618 ] ] ] } },
{ "type": "Feature", "properties": { "beat_id": 106, "sector_id": 4 }, "geometry": { "type": "Polygon", "coordinates": [ [ [ -118.294006439796647, 34.090055065621584 ], [ -118.290158610361246, 34.092640194389645 ], [ -118.285481074502371, 34.091469701230658 ], [ -118.283883838426533, 34.08911930580858 ], [ -118.285996254130254, 34.087075144103267 ], [ -118.292678531002252, 34.087064539637062 ], [ -118.294006439796647, 34.090055065621584 ] ] ] } },
{ "type": "Feature", "properties": { "beat_id": 18, "sector_id": 4 }, "geometry": { "type": "Polygon", "coordinates": [ [ [ -118.291404259604121, 34.112885749260201 ], [ -118.285657557167283, 34.114810083383155 ], [ -118.281823898012547, 34.108152505781256 ], [ -118.282272914231839, 34.107333263948213 ], [ -118.290919395986279, 34.107017811134938 ], [ -118.291404259604121, 34.112885749260201 ] ] ] } },
{ "type": "Feature", "properties": { "beat_id": 11, "sector_id": 2 }, "geometry": { "type": "Polygon", "coordinates": [ [ [ -118.294422763944453, 34.078732711173096 ], [ -118.291234592165992, 34.080296452920749 ], [ -118.288270887698388, 34.076836707874762 ], [ -118.291154732367175, 34.073343717067196 ], [ -118.294537956567765, 34.073689081439618 ], [ -118.295144059957479, 34.074262165164207 ], [ -118.294422763944453, 34.078732711173096 ] ] ] } },
{ "type": "Feature", "properties": { "beat_id": 234, "sector_id": 1 }, "geometry": { "type": "Polygon", "coordinates": [ [ [ -118.29009606836739, 34.057936526428477 ], [ -118.285861684224017, 34.058002490437232 ], [ -118.28505467083626, 34.054757262947398 ], [ -118.287676150480152, 34.051668194860085 ], [ -118.292358192204333, 34.05303211499281 ], [ -118.29009606836739, 34.057936526428477 ] ] ] } },
{ "type": "Feature", "properties": { "beat_id": 146, "sector_id": 1 }, "geometry": { "type": "Polygon", "coordinates": [ [ [ -118.29346338507797, 34.064283052226294 ], [ -118.291674798440113, 34.064670412627706 ], [ -118.289907485477684, 34.062962939437526 ], [ -118.291088149257192, 34.058918675749808 ], [ -118.296528553293925, 34.059760846060215 ], [ -118.29346338507797, 34.064283052226294 ] ] ] } },
{ "type": "Feature", "properties": { "beat_id": 249, "sector_id": 2 }, "geometry": { "type": "Polygon", "coordinates": [ [ [ -118.292678531002252, 34.087064539637062 ], [ -118.285996254130254, 34.087075144103267 ], [ -118.28566083859485, 34.082848348102914 ], [ -118.291074172754591, 34.080769725759041 ], [ -118.293740923574916, 34.085041972016917 ], [ -118.292678531002252, 34.087064539637062 ] ] ] } },
{ "type": "Feature", "properties": { "beat_id": 220, "sector_id": 1 }, "geometry": { "type": "Polygon", "coordinates": [ [ [ -118.291088149257192, 34.058918675749808 ], [ -118.289907485477684, 34.062962939437526 ], [ -118.284836582830238, 34.062409213031657 ], [ -118.285696818562769, 34.058160915268424 ], [ -118.285861684224017, 34.058002490437232 ], [ -118.29009606836739, 34.057936526428477 ], [ -118.291088149257192, 34.058918675749808 ] ] ] } },
{ "type": "Feature", "properties": { "beat_id": 2, "sector_id": 1 }, "geometry": { "type": "Polygon", "coordinates": [ [ [ -118.291674798440113, 34.064670412627706 ], [ -118.290229283155455, 34.067664966264964 ], [ -118.284429471382168, 34.066307589492752 ], [ -118.283900323076594, 34.063763069846836 ], [ -118.284393212873397, 34.062732833635934 ], [ -118.284836582830238, 34.062409213031657 ], [ -118.289907485477684, 34.062962939437526 ], [ -118.291674798440113, 34.064670412627706 ] ] ] } },
{ "type": "Feature", "properties": { "beat_id": 239, "sector_id": 4 }, "geometry": { "type": "Polygon", "coordinates": [ [ [ -118.289141582730267, 34.101755801616711 ], [ -118.286346064624666, 34.101020980467752 ], [ -118.285790814633728, 34.097512385347201 ], [ -118.290752843608004, 34.095906924623499 ], [ -118.292540099958671, 34.096951424492765 ], [ -118.292765527980691, 34.099968500199424 ], [ -118.289141582730267, 34.101755801616711 ] ] ] } },
{ "type": "Feature", "properties": { "beat_id": 205, "sector_id": 1 }, "geometry": { "type": "Polygon", "coordinates": [ [ [ -118.290265303151841, 34.067775726808406 ], [ -118.289077688463919, 34.071054205921648 ], [ -118.285430514174337, 34.071608302538088 ], [ -118.282192746440373, 34.069124375138756 ], [ -118.284429471382168, 34.066307589492752 ], [ -118.290229283155455, 34.067664966264964 ], [ -118.290265303151841, 34.067775726808406 ] ] ] } },
{ "type": "Feature", "properties": { "beat_id": 208, "sector_id": 4 }, "geometry": { "type": "Polygon", "coordinates": [ [ [ -118.296454668187408, 34.114524027302892 ], [ -118.292065789332653, 34.127894268560084 ], [ -118.286124741923786, 34.126567071630724 ], [ -118.28259948435857, 34.124277971133118 ], [ -118.282719460678067, 34.119885822252208 ], [ -118.285657557167283, 34.114810083383155 ], [ -118.291404259604121, 34.112885749260201 ], [ -118.296454668187408, 34.114524027302892 ] ] ] } },
{ "type": "Feature", "properties": { "beat_id": 114, "sector_id": 4 }, "geometry": { "type": "Polygon", "coordinates": [ [ [ -118.291033450526498, 34.106899422054191 ], [ -118.290919395986279, 34.107017811134938 ], [ -118.282272914231839, 34.107333263948213 ], [ -118.281635811249402, 34.103906133072492 ], [ -118.286346064624666, 34.101020980467752 ], [ -118.289141582730267, 34.101755801616711 ], [ -118.291033450526498, 34.106899422054191 ] ] ] } },
{ "type": "Feature", "properties": { "beat_id": 54, "sector_id": 8 }, "geometry": { "type": "Polygon", "coordinates": [ [ [ -118.285996254130254, 34.087075144103267 ], [ -118.283883838426533, 34.08911930580858 ], [ -118.282434889720378, 34.089050406951507 ], [ -118.277437937745972, 34.084840982775418 ], [ -118.277530924317716, 34.083814696168325 ], [ -118.278727961454663, 34.082366238644617 ], [ -118.282450665964731, 34.081045416821183 ], [ -118.28566083859485, 34.082848348102914 ], [ -118.285996254130254, 34.087075144103267 ] ] ] } },
{ "type": "Feature", "properties": { "beat_id": 6, "sector_id": 4 }, "geometry": { "type": "Polygon", "coordinates": [ [ [ -118.290752843608004, 34.095906924623499 ], [ -118.285790814633728, 34.097512385347201 ], [ -118.283857851043393, 34.096147580779672 ], [ -118.285481074502371, 34.091469701230658 ], [ -118.290158610361246, 34.092640194389645 ], [ -118.290752843608004, 34.095906924623499 ] ] ] } },
{ "type": "Feature", "properties": { "beat_id": 199, "sector_id": 2 }, "geometry": { "type": "Polygon", "coordinates": [ [ [ -118.291074172754591, 34.080769725759041 ], [ -118.28566083859485, 34.082848348102914 ], [ -118.282450665964731, 34.081045416821183 ], [ -118.283323177239239, 34.076517614714568 ], [ -118.283671811499147, 34.076369609232586 ], [ -118.288270887698388, 34.076836707874762 ], [ -118.291234592165992, 34.080296452920749 ], [ -118.291074172754591, 34.080769725759041 ] ] ] } },
{ "type": "Feature", "properties": { "beat_id": 94, "sector_id": 2 }, "geometry": { "type": "Polygon", "coordinates": [ [ [ -118.288270887698388, 34.076836707874762 ], [ -118.283671811499147, 34.076369609232586 ], [ -118.285430514174337, 34.071608302538088 ], [ -118.289077688463919, 34.071054205921648 ], [ -118.291154732367175, 34.073343717067196 ], [ -118.288270887698388, 34.076836707874762 ] ] ] } },
{ "type": "Feature", "properties": { "beat_id": 77, "sector_id": 1 }, "geometry": { "type": "Polygon", "coordinates": [ [ [ -118.285696818562769, 34.058160915268424 ], [ -118.279430238655678, 34.057931684948485 ], [ -118.279705253544989, 34.054683142302146 ], [ -118.280877981603041, 34.05405674177981 ], [ -118.28505467083626, 34.054757262947398 ], [ -118.285861684224017, 34.058002490437232 ], [ -118.285696818562769, 34.058160915268424 ] ] ] } },
{ "type": "Feature", "properties": { "beat_id": 173, "sector_id": 1 }, "geometry": { "type": "Polygon", "coordinates": [ [ [ -118.266223999955173, 34.04845276662077 ], [ -118.262056222648226, 34.045254197787543 ], [ -118.261890599978088, 34.044156242930086 ], [ -118.268825426475019, 34.046176590343386 ], [ -118.266223999955173, 34.04845276662077 ] ] ] } },
{ "type": "Feature", "properties": { "beat_id": 158, "sector_id": 4 }, "geometry": { "type": "Polygon", "coordinates": [ [ [ -118.286346064624666, 34.101020980467752 ], [ -118.281635811249402, 34.103906133072492 ], [ -118.278413474682324, 34.101792885073635 ], [ -118.279302849941871, 34.096635941078873 ], [ -118.283857851043393, 34.096147580779672 ], [ -118.285790814633728, 34.097512385347201 ], [ -118.286346064624666, 34.101020980467752 ] ] ] } },
{ "type": "Feature", "properties": { "beat_id": 127, "sector_id": 4 }, "geometry": { "type": "Polygon", "coordinates": [ [ [ -118.281823898012547, 34.108152505781256 ], [ -118.274800593563072, 34.110428089224342 ], [ -118.270881201355039, 34.106304324695486 ], [ -118.27298868860386, 34.102501207102897 ], [ -118.278413474682324, 34.101792885073635 ], [ -118.281635811249402, 34.103906133072492 ], [ -118.282272914231839, 34.107333263948213 ], [ -118.281823898012547, 34.108152505781256 ] ] ] } },
{ "type": "Feature", "properties": { "beat_id": 201, "sector_id": 4 }, "geometry": { "type": "Polygon", "coordinates": [ [ [ -118.285481074502371, 34.091469701230658 ], [ -118.283857851043393, 34.096147580779672 ], [ -118.279302849941871, 34.096635941078873 ], [ -118.277028088304789, 34.094667371043464 ], [ -118.277777224863854, 34.092259157130272 ], [ -118.282434889720378, 34.089050406951507 ], [ -118.283883838426533, 34.08911930580858 ], [ -118.285481074502371, 34.091469701230658 ] ] ] } },
{ "type": "Feature", "properties": { "beat_id": 39, "sector_id": 8 }, "geometry": { "type": "Polygon", "coordinates": [ [ [ -118.283671811499147, 34.076369609232586 ], [ -118.283323177239239, 34.076517614714568 ], [ -118.279538216144516, 34.075147701232503 ], [ -118.278526639189408, 34.072778327890759 ], [ -118.282057193552717, 34.069144804436434 ], [ -118.282192746440373, 34.069124375138756 ], [ -118.285430514174337, 34.071608302538088 ], [ -118.283671811499147, 34.076369609232586 ] ] ] } },
{ "type": "Feature", "properties": { "beat_id": 84, "sector_id": 4 }, "geometry": { "type": "Polygon", "coordinates": [ [ [ -118.282719460678067, 34.119885822252208 ], [ -118.274264725339165, 34.112314457935874 ], [ -118.274800593563072, 34.110428089224342 ], [ -118.281823898012547, 34.108152505781256 ], [ -118.285657557167283, 34.114810083383155 ], [ -118.282719460678067, 34.119885822252208 ] ] ] } },
{ "type": "Feature", "properties": { "beat_id": 218, "sector_id": 4 }, "geometry": { "type": "Polygon", "coordinates": [ [ [ -118.27763580826597, 34.139123407662964 ], [ -118.270969034909811, 34.132291748845375 ], [ -118.276791680908417, 34.12477334393337 ], [ -118.28259948435857, 34.124277971133118 ], [ -118.286124741923786, 34.126567071630724 ], [ -118.27763580826597, 34.139123407662964 ] ] ] } },
{ "type": "Feature", "properties": { "beat_id": 61, "sector_id": 1 }, "geometry": { "type": "Polygon", "coordinates": [ [ [ -118.275778046520799, 34.052863761967679 ], [ -118.27196011041022, 34.05089359806302 ], [ -118.273055011764612, 34.047408786681991 ], [ -118.27859803099534, 34.049023595905709 ], [ -118.275778046520799, 34.052863761967679 ] ] ] } },
{ "type": "Feature", "properties": { "beat_id": 145, "sector_id": 1 }, "geometry": { "type": "Polygon", "coordinates": [ [ [ -118.284836582830238, 34.062409213031657 ], [ -118.284393212873397, 34.062732833635934 ], [ -118.278487616844529, 34.059713296413193 ], [ -118.278397627430181, 34.058957134294666 ], [ -118.279430238655678, 34.057931684948485 ], [ -118.285696818562769, 34.058160915268424 ], [ -118.284836582830238, 34.062409213031657 ] ] ] } },
{ "type": "Feature", "properties": { "beat_id": 206, "sector_id": 1 }, "geometry": { "type": "Polygon", "coordinates": [ [ [ -118.279705253544989, 34.054683142302146 ], [ -118.275922814573462, 34.05324187489736 ], [ -118.275778046520799, 34.052863761967679 ], [ -118.27859803099534, 34.049023595905709 ], [ -118.28153575909991, 34.049879411324753 ], [ -118.280877981603041, 34.05405674177981 ], [ -118.279705253544989, 34.054683142302146 ] ] ] } },
{ "type": "Feature", "properties": { "beat_id": 113, "sector_id": 8 }, "geometry": { "type": "Polygon", "coordinates": [ [ [ -118.283323177239239, 34.076517614714568 ], [ -118.282450665964731, 34.081045416821183 ], [ -118.278727961454663, 34.082366238644617 ], [ -118.275647462509127, 34.077560128474175 ], [ -118.279538216144516, 34.075147701232503 ], [ -118.283323177239239, 34.076517614714568 ] ] ] } },
{ "type": "Feature", "properties": { "beat_id": 188, "sector_id": 1 }, "geometry": { "type": "Polygon", "coordinates": [ [ [ -118.282057193552717, 34.069144804436434 ], [ -118.276679402010942, 34.066441408964764 ], [ -118.276049367689339, 34.064703290231279 ], [ -118.283900323076594, 34.063763069846836 ], [ -118.284429471382168, 34.066307589492752 ], [ -118.282192746440373, 34.069124375138756 ], [ -118.282057193552717, 34.069144804436434 ] ] ] } },
{ "type": "Feature", "properties": { "beat_id": 69, "sector_id": 1 }, "geometry": { "type": "Polygon", "coordinates": [ [ [ -118.284393212873397, 34.062732833635934 ], [ -118.283900323076594, 34.063763069846836 ], [ -118.276049367689339, 34.064703290231279 ], [ -118.275772892716077, 34.06444734067221 ], [ -118.278487616844529, 34.059713296413193 ], [ -118.284393212873397, 34.062732833635934 ] ] ] } },
{ "type": "Feature", "properties": { "beat_id": 110, "sector_id": 8 }, "geometry": { "type": "Polygon", "coordinates": [ [ [ -118.282434889720378, 34.089050406951507 ], [ -118.277777224863854, 34.092259157130272 ], [ -118.272919839633118, 34.08790585541275 ], [ -118.277437937745972, 34.084840982775418 ], [ -118.282434889720378, 34.089050406951507 ] ] ] } },
{ "type": "Feature", "properties": { "beat_id": 238, "sector_id": 1 }, "geometry": { "type": "Polygon", "coordinates": [ [ [ -118.278526639189408, 34.072778327890759 ], [ -118.274160860500857, 34.07120682650487 ], [ -118.276679402010942, 34.066441408964764 ], [ -118.282057193552717, 34.069144804436434 ], [ -118.278526639189408, 34.072778327890759 ] ] ] } },
{ "type": "Feature", "properties": { "beat_id": 117, "sector_id": 1 }, "geometry": { "type": "Polygon", "coordinates": [ [ [ -118.276049367689339, 34.064703290231279 ], [ -118.276679402010942, 34.066441408964764 ], [ -118.274160860500857, 34.07120682650487 ], [ -118.271643620215158, 34.07187199731392 ], [ -118.271058596377856, 34.071619275724501 ], [ -118.269781381740373, 34.067223307784289 ], [ -118.273513837283886, 34.06404103215732 ], [ -118.275772892716077, 34.06444734067221 ], [ -118.276049367689339, 34.064703290231279 ] ] ] } },
{ "type": "Feature", "properties": { "beat_id": 17, "sector_id": 1 }, "geometry": { "type": "Polygon", "coordinates": [ [ [ -118.278397627430181, 34.058957134294666 ], [ -118.273979153973045, 34.057616137911012 ], [ -118.273524216883075, 34.056266509004288 ], [ -118.275922814573462, 34.05324187489736 ], [ -118.279705253544989, 34.054683142302146 ], [ -118.279430238655678, 34.057931684948485 ], [ -118.278397627430181, 34.058957134294666 ] ] ] } },
{ "type": "Feature", "properties": { "beat_id": 87, "sector_id": 4 }, "geometry": { "type": "Polygon", "coordinates": [ [ [ -118.278413474682324, 34.101792885073635 ], [ -118.27298868860386, 34.102501207102897 ], [ -118.270537506586336, 34.099300261060435 ], [ -118.272345555790594, 34.095326408177051 ], [ -118.277028088304789, 34.094667371043464 ], [ -118.279302849941871, 34.096635941078873 ], [ -118.278413474682324, 34.101792885073635 ] ] ] } },
{ "type": "Feature", "properties": { "beat_id": 244, "sector_id": 8 }, "geometry": { "type": "Polygon", "coordinates": [ [ [ -118.277530924317716, 34.083814696168325 ], [ -118.27013732774698, 34.080960809214638 ], [ -118.270050117749449, 34.078938538168558 ], [ -118.272159452000693, 34.077262213788025 ], [ -118.275647462509127, 34.077560128474175 ], [ -118.278727961454663, 34.082366238644617 ], [ -118.277530924317716, 34.083814696168325 ] ] ] } },
{ "type": "Feature", "properties": { "beat_id": 214, "sector_id": 8 }, "geometry": { "type": "Polygon", "coordinates": [ [ [ -118.278526639189408, 34.072778327890759 ], [ -118.279538216144516, 34.075147701232503 ], [ -118.275647462509127, 34.077560128474175 ], [ -118.272159452000693, 34.077262213788025 ], [ -118.271643620215158, 34.07187199731392 ], [ -118.274160860500857, 34.07120682650487 ], [ -118.278526639189408, 34.072778327890759 ] ] ] } },
{ "type": "Feature", "properties": { "beat_id": 81, "sector_id": 1 }, "geometry": { "type": "Polygon", "coordinates": [ [ [ -118.278487616844529, 34.059713296413193 ], [ -118.275772892716077, 34.06444734067221 ], [ -118.273513837283886, 34.06404103215732 ], [ -118.270459185311964, 34.061164629989158 ], [ -118.273979153973045, 34.057616137911012 ], [ -118.278397627430181, 34.058957134294666 ], [ -118.278487616844529, 34.059713296413193 ] ] ] } },
{ "type": "Feature", "properties": { "beat_id": 215, "sector_id": 5 }, "geometry": { "type": "Polygon", "coordinates": [ [ [ -118.277679620089259, 34.141331239107586 ], [ -118.286361246410607, 34.145269377004503 ], [ -118.282663828470263, 34.156529201469972 ], [ -118.28222, 34.156517 ], [ -118.281691, 34.156473 ], [ -118.281277, 34.156329 ], [ -118.281261, 34.156324 ], [ -118.280864, 34.156148 ], [ -118.28057, 34.155985 ], [ -118.280349, 34.155952 ], [ -118.279378, 34.155067 ], [ -118.279212, 34.153943 ], [ -118.279156, 34.153904 ], [ -118.278813, 34.153673 ], [ -118.27874, 34.153624 ], [ -118.278607, 34.153534 ], [ -118.278512, 34.15347 ], [ -118.278491, 34.153422 ], [ -118.278407, 34.153234 ], [ -118.278368, 34.153145 ], [ -118.278328, 34.153057 ], [ -118.278325, 34.153007 ], [ -118.278324, 34.152996 ], [ -118.278049, 34.153049 ], [ -118.277356, 34.153182 ], [ -118.277219, 34.153208 ], [ -118.277068, 34.153256 ], [ -118.276042, 34.15326 ], [ -118.275613, 34.153261 ], [ -118.275562, 34.153166 ], [ -118.275522, 34.153091 ], [ -118.275371, 34.152803 ], [ -118.27373, 34.149613 ], [ -118.273083, 34.148354 ], [ -118.272265, 34.146764 ], [ -118.271283, 34.144856 ], [ -118.270760061613316, 34.143839319458415 ], [ -118.277679620089259, 34.141331239107586 ] ] ] } },
{ "type": "Feature", "properties": { "beat_id": 150, "sector_id": 5 }, "geometry": { "type": "Polygon", "coordinates": [ [ [ -118.250200916458951, 34.120135988548491 ], [ -118.252169707292381, 34.114692772193678 ], [ -118.25762322619218, 34.111977587823915 ], [ -118.257635905528502, 34.11197838978206 ], [ -118.261227155068894, 34.118026692055743 ], [ -118.258049656595858, 34.122196224176157 ], [ -118.258009, 34.122154 ], [ -118.257586, 34.121728 ], [ -118.257529, 34.121673 ], [ -118.257294, 34.121447 ], [ -118.257146, 34.121304 ], [ -118.257085, 34.121245 ], [ -118.257063, 34.121224 ], [ -118.256621, 34.120812 ], [ -118.25617, 34.120408 ], [ -118.255476, 34.119807 ], [ -118.254693, 34.119134 ], [ -118.254258, 34.118761 ], [ -118.254157, 34.118845 ], [ -118.254149, 34.118851 ], [ -118.254135, 34.11886 ], [ -118.254067, 34.118893 ], [ -118.254014, 34.118944 ], [ -118.253876, 34.11904 ], [ -118.253548, 34.119268 ], [ -118.253534, 34.119277 ], [ -118.252578, 34.119942 ], [ -118.252558, 34.119956 ], [ -118.25199, 34.120351 ], [ -118.251597, 34.120624 ], [ -118.25142, 34.120747 ], [ -118.251133, 34.120947 ], [ -118.251155, 34.120968 ], [ -118.251448, 34.121243 ], [ -118.252242, 34.121989 ], [ -118.252669, 34.12239 ], [ -118.253037, 34.122736 ], [ -118.25364, 34.123303 ], [ -118.253602, 34.123419 ], [ -118.253516, 34.123683 ], [ -118.253306, 34.124322 ], [ -118.253275, 34.124419 ], [ -118.253265, 34.124449 ], [ -118.253159, 34.124571 ], [ -118.252775, 34.124511 ], [ -118.252089, 34.124404 ], [ -118.251139, 34.124535 ], [ -118.251136323724907, 34.124535367924132 ], [ -118.250200916458951, 34.120135988548491 ] ] ] } },
{ "type": "Feature", "properties": { "beat_id": 91, "sector_id": 5 }, "geometry": { "type": "Polygon", "coordinates": [ [ [ -118.251136323724907, 34.124535367924132 ], [ -118.248033, 34.124962 ], [ -118.247644, 34.125015 ], [ -118.246774, 34.125135 ], [ -118.246256, 34.125206 ], [ -118.244619, 34.125431 ], [ -118.243978, 34.125519 ], [ -118.243823, 34.12554 ], [ -118.243134, 34.125635 ], [ -118.24221, 34.125762 ], [ -118.241061, 34.12592 ], [ -118.240359, 34.126016 ], [ -118.239887, 34.126081 ], [ -118.239556138560133, 34.126126636089381 ], [ -118.236242193509682, 34.123299193161259 ], [ -118.236024461104549, 34.12100471666254 ], [ -118.24038750172943, 34.114363910008763 ], [ -118.240913421212028, 34.114228516476338 ], [ -118.250200916458951, 34.120135988548491 ], [ -118.251136323724907, 34.124535367924132 ] ] ] } },
{ "type": "Feature", "properties": { "beat_id": 169, "sector_id": 4 }, "geometry": { "type": "Polygon", "coordinates": [ [ [ -118.28259948435857, 34.124277971133118 ], [ -118.276791680908417, 34.12477334393337 ], [ -118.271576383678578, 34.122780929054564 ], [ -118.268291773764048, 34.116827258416073 ], [ -118.268644057426343, 34.115732634881205 ], [ -118.274264725339165, 34.112314457935874 ], [ -118.282719460678067, 34.119885822252208 ], [ -118.28259948435857, 34.124277971133118 ] ] ] } },
{ "type": "Feature", "properties": { "beat_id": 38, "sector_id": 5 }, "geometry": { "type": "Polygon", "coordinates": [ [ [ -118.277679620089259, 34.141331239107586 ], [ -118.270760061613316, 34.143839319458415 ], [ -118.269993, 34.142348 ], [ -118.269808, 34.141988 ], [ -118.269755, 34.141886 ], [ -118.269519, 34.141427 ], [ -118.268105, 34.138679 ], [ -118.267885, 34.138251 ], [ -118.267291, 34.137095 ], [ -118.265947, 34.134483 ], [ -118.265459, 34.133534 ], [ -118.265401, 34.133421 ], [ -118.265340701935742, 34.133303784081441 ], [ -118.270969034909811, 34.132291748845375 ], [ -118.27763580826597, 34.139123407662964 ], [ -118.277679620089259, 34.141331239107586 ] ] ] } },
{ "type": "Feature", "properties": { "beat_id": 242, "sector_id": 8 }, "geometry": { "type": "Polygon", "coordinates": [ [ [ -118.277028088304789, 34.094667371043464 ], [ -118.272345555790594, 34.095326408177051 ], [ -118.268762801119578, 34.092104463930667 ], [ -118.270908810029852, 34.088109905896282 ], [ -118.272919839633118, 34.08790585541275 ], [ -118.277777224863854, 34.092259157130272 ], [ -118.277028088304789, 34.094667371043464 ] ] ] } },
{ "type": "Feature", "properties": { "beat_id": 195, "sector_id": 1 }, "geometry": { "type": "Polygon", "coordinates": [ [ [ -118.275922814573462, 34.05324187489736 ], [ -118.273524216883075, 34.056266509004288 ], [ -118.269820959733565, 34.054940949803139 ], [ -118.269632386423879, 34.054525600411303 ], [ -118.271627691789263, 34.051033343781278 ], [ -118.27196011041022, 34.05089359806302 ], [ -118.275778046520799, 34.052863761967679 ], [ -118.275922814573462, 34.05324187489736 ] ] ] } },
{ "type": "Feature", "properties": { "beat_id": 56, "sector_id": 4 }, "geometry": { "type": "Polygon", "coordinates": [ [ [ -118.274264725339165, 34.112314457935874 ], [ -118.268644057426343, 34.115732634881205 ], [ -118.263076985441458, 34.10940823405533 ], [ -118.264238259042273, 34.106989211362873 ], [ -118.270881201355039, 34.106304324695486 ], [ -118.274800593563072, 34.110428089224342 ], [ -118.274264725339165, 34.112314457935874 ] ] ] } },
{ "type": "Feature", "properties": { "beat_id": 37, "sector_id": 8 }, "geometry": { "type": "Polygon", "coordinates": [ [ [ -118.277437937745972, 34.084840982775418 ], [ -118.272919839633118, 34.08790585541275 ], [ -118.270908810029852, 34.088109905896282 ], [ -118.267538133036354, 34.084663547627933 ], [ -118.27013732774698, 34.080960809214638 ], [ -118.277530924317716, 34.083814696168325 ], [ -118.277437937745972, 34.084840982775418 ] ] ] } },
{ "type": "Feature", "properties": { "beat_id": 157, "sector_id": 1 }, "geometry": { "type": "Polygon", "coordinates": [ [ [ -118.273979153973045, 34.057616137911012 ], [ -118.270459185311964, 34.061164629989158 ], [ -118.268129199740315, 34.060799270281983 ], [ -118.267366535987776, 34.058200732830876 ], [ -118.269820959733565, 34.054940949803139 ], [ -118.273524216883075, 34.056266509004288 ], [ -118.273979153973045, 34.057616137911012 ] ] ] } },
{ "type": "Feature", "properties": { "beat_id": 12, "sector_id": 8 }, "geometry": { "type": "Polygon", "coordinates": [ [ [ -118.272159452000693, 34.077262213788025 ], [ -118.270050117749449, 34.078938538168558 ], [ -118.266502005172867, 34.077726017564764 ], [ -118.264387961211725, 34.073543608929292 ], [ -118.265660875845441, 34.07224141653797 ], [ -118.271058596377856, 34.071619275724501 ], [ -118.271643620215158, 34.07187199731392 ], [ -118.272159452000693, 34.077262213788025 ] ] ] } },
{ "type": "Feature", "properties": { "beat_id": 153, "sector_id": 8 }, "geometry": { "type": "Polygon", "coordinates": [ [ [ -118.268762801119578, 34.092104463930667 ], [ -118.262042977704468, 34.093226593548117 ], [ -118.261989159113384, 34.093182952501216 ], [ -118.260473608191703, 34.087679260986633 ], [ -118.263261167807713, 34.084803704601221 ], [ -118.267538133036354, 34.084663547627933 ], [ -118.270908810029852, 34.088109905896282 ], [ -118.268762801119578, 34.092104463930667 ] ] ] } },
{ "type": "Feature", "properties": { "beat_id": 248, "sector_id": 4 }, "geometry": { "type": "Polygon", "coordinates": [ [ [ -118.27298868860386, 34.102501207102897 ], [ -118.270881201355039, 34.106304324695486 ], [ -118.264238259042273, 34.106989211362873 ], [ -118.262465109374816, 34.104381021890049 ], [ -118.262481395096913, 34.099258937892195 ], [ -118.270537506586336, 34.099300261060435 ], [ -118.27298868860386, 34.102501207102897 ] ] ] } },
{ "type": "Feature", "properties": { "beat_id": 33, "sector_id": 1 }, "geometry": { "type": "Polygon", "coordinates": [ [ [ -118.273513837283886, 34.06404103215732 ], [ -118.269781381740373, 34.067223307784289 ], [ -118.26434574684427, 34.065873337525495 ], [ -118.266357106939196, 34.061789524442574 ], [ -118.268129199740315, 34.060799270281983 ], [ -118.270459185311964, 34.061164629989158 ], [ -118.273513837283886, 34.06404103215732 ] ] ] } },
{ "type": "Feature", "properties": { "beat_id": 30, "sector_id": 8 }, "geometry": { "type": "Polygon", "coordinates": [ [ [ -118.270537506586336, 34.099300261060435 ], [ -118.262481395096913, 34.099258937892195 ], [ -118.262315551709293, 34.099067750083016 ], [ -118.262042977704468, 34.093226593548117 ], [ -118.268762801119578, 34.092104463930667 ], [ -118.272345555790594, 34.095326408177051 ], [ -118.270537506586336, 34.099300261060435 ] ] ] } },
{ "type": "Feature", "properties": { "beat_id": 107, "sector_id": 1 }, "geometry": { "type": "Polygon", "coordinates": [ [ [ -118.269632386423879, 34.054525600411303 ], [ -118.266154455169087, 34.053243725426135 ], [ -118.266636932605735, 34.049991021029818 ], [ -118.271627691789263, 34.051033343781278 ], [ -118.269632386423879, 34.054525600411303 ] ] ] } },
{ "type": "Feature", "properties": { "beat_id": 204, "sector_id": 5 }, "geometry": { "type": "Polygon", "coordinates": [ [ [ -118.269683156030695, 34.123428201322525 ], [ -118.263406937431853, 34.12954805047967 ], [ -118.263206, 34.129168 ], [ -118.262929, 34.128666 ], [ -118.262642, 34.128169 ], [ -118.262344, 34.127676 ], [ -118.262, 34.127129 ], [ -118.261949, 34.127052 ], [ -118.261873, 34.126937 ], [ -118.261768, 34.126779 ], [ -118.261734, 34.126727 ], [ -118.261406, 34.126246 ], [ -118.261069, 34.125771 ], [ -118.260669, 34.125234 ], [ -118.260356, 34.124827 ], [ -118.259989, 34.124368 ], [ -118.259611, 34.123914 ], [ -118.259225, 34.123465 ], [ -118.258829, 34.123022 ], [ -118.258684239853551, 34.122865802274198 ], [ -118.269683156030695, 34.123428201322525 ] ] ] } },
{ "type": "Feature", "properties": { "beat_id": 130, "sector_id": 5 }, "geometry": { "type": "Polygon", "coordinates": [ [ [ -118.270969034909811, 34.132291748845375 ], [ -118.265340701935742, 34.133303784081441 ], [ -118.263473, 34.129673 ], [ -118.263406937431853, 34.12954805047967 ], [ -118.269683156030695, 34.123428201322525 ], [ -118.271576383678578, 34.122780929054564 ], [ -118.276791680908417, 34.12477334393337 ], [ -118.270969034909811, 34.132291748845375 ] ] ] } },
{ "type": "Feature", "properties": { "beat_id": 156, "sector_id": 1 }, "geometry": { "type": "Polygon", "coordinates": [ [ [ -118.271627691789263, 34.051033343781278 ], [ -118.266636932605735, 34.049991021029818 ], [ -118.266089939221331, 34.049265395097478 ], [ -118.266223999955173, 34.04845276662077 ], [ -118.268825426475019, 34.046176590343386 ], [ -118.273055011764612, 34.047408786681991 ], [ -118.27196011041022, 34.05089359806302 ], [ -118.271627691789263, 34.051033343781278 ] ] ] } },
{ "type": "Feature", "properties": { "beat_id": 211, "sector_id": 8 }, "geometry": { "type": "Polygon", "coordinates": [ [ [ -118.271058596377856, 34.071619275724501 ], [ -118.265660875845441, 34.07224141653797 ], [ -118.263178569307399, 34.066513957768024 ], [ -118.26434574684427, 34.065873337525495 ], [ -118.269781381740373, 34.067223307784289 ], [ -118.271058596377856, 34.071619275724501 ] ] ] } },
{ "type": "Feature", "properties": { "beat_id": 189, "sector_id": 8 }, "geometry": { "type": "Polygon", "coordinates": [ [ [ -118.27013732774698, 34.080960809214638 ], [ -118.267538133036354, 34.084663547627933 ], [ -118.263261167807713, 34.084803704601221 ], [ -118.260891553789847, 34.080426197590697 ], [ -118.266502005172867, 34.077726017564764 ], [ -118.270050117749449, 34.078938538168558 ], [ -118.27013732774698, 34.080960809214638 ] ] ] } },
{ "type": "Feature", "properties": { "beat_id": 48, "sector_id": 1 }, "geometry": { "type": "Polygon", "coordinates": [ [ [ -118.269820959733565, 34.054940949803139 ], [ -118.267366535987776, 34.058200732830876 ], [ -118.263794840624684, 34.056176435576631 ], [ -118.264411198462398, 34.054083585538017 ], [ -118.266154455169087, 34.053243725426135 ], [ -118.269632386423879, 34.054525600411303 ], [ -118.269820959733565, 34.054940949803139 ] ] ] } },
{ "type": "Feature", "properties": { "beat_id": 177, "sector_id": 1 }, "geometry": { "type": "Polygon", "coordinates": [ [ [ -118.266636932605735, 34.049991021029818 ], [ -118.266154455169087, 34.053243725426135 ], [ -118.264411198462398, 34.054083585538017 ], [ -118.260510978154045, 34.051536488087535 ], [ -118.261230573995363, 34.050441579077372 ], [ -118.266089939221331, 34.049265395097478 ], [ -118.266636932605735, 34.049991021029818 ] ] ] } },
{ "type": "Feature", "properties": { "beat_id": 22, "sector_id": 5 }, "geometry": { "type": "Polygon", "coordinates": [ [ [ -118.271576383678578, 34.122780929054564 ], [ -118.269683156030695, 34.123428201322525 ], [ -118.258684239853551, 34.122865802274198 ], [ -118.258424, 34.122585 ], [ -118.258049656595858, 34.122196224176157 ], [ -118.261227155068894, 34.118026692055743 ], [ -118.268291773764048, 34.116827258416073 ], [ -118.271576383678578, 34.122780929054564 ] ] ] } },
{ "type": "Feature", "properties": { "beat_id": 227, "sector_id": 5 }, "geometry": { "type": "Polygon", "coordinates": [ [ [ -118.268644057426343, 34.115732634881205 ], [ -118.268291773764048, 34.116827258416073 ], [ -118.261227155068894, 34.118026692055743 ], [ -118.257635905528502, 34.11197838978206 ], [ -118.263076985441458, 34.10940823405533 ], [ -118.268644057426343, 34.115732634881205 ] ] ] } },
{ "type": "Feature", "properties": { "beat_id": 147, "sector_id": 1 }, "geometry": { "type": "Polygon", "coordinates": [ [ [ -118.268129199740315, 34.060799270281983 ], [ -118.266357106939196, 34.061789524442574 ], [ -118.261585198003829, 34.059980915660823 ], [ -118.260991054346292, 34.057316481995365 ], [ -118.263794840624684, 34.056176435576631 ], [ -118.267366535987776, 34.058200732830876 ], [ -118.268129199740315, 34.060799270281983 ] ] ] } },
{ "type": "Feature", "properties": { "beat_id": 134, "sector_id": 8 }, "geometry": { "type": "Polygon", "coordinates": [ [ [ -118.266502005172867, 34.077726017564764 ], [ -118.260891553789847, 34.080426197590697 ], [ -118.260807970333701, 34.080384846233706 ], [ -118.260310768093191, 34.073995015178944 ], [ -118.264387961211725, 34.073543608929292 ], [ -118.266502005172867, 34.077726017564764 ] ] ] } },
{ "type": "Feature", "properties": { "beat_id": 23, "sector_id": 8 }, "geometry": { "type": "Polygon", "coordinates": [ [ [ -118.260891553789847, 34.080426197590697 ], [ -118.263261167807713, 34.084803704601221 ], [ -118.260473608191703, 34.087679260986633 ], [ -118.25292862326279, 34.08621547445486 ], [ -118.256303299382139, 34.08031138628894 ], [ -118.260807970333701, 34.080384846233706 ], [ -118.260891553789847, 34.080426197590697 ] ] ] } },
{ "type": "Feature", "properties": { "beat_id": 95, "sector_id": 5 }, "geometry": { "type": "Polygon", "coordinates": [ [ [ -118.262465109374816, 34.104381021890049 ], [ -118.251921347404945, 34.105089435726839 ], [ -118.25014990178046, 34.104283822027099 ], [ -118.251838599190236, 34.099818404791513 ], [ -118.262315551709293, 34.099067750083016 ], [ -118.262481395096913, 34.099258937892195 ], [ -118.262465109374816, 34.104381021890049 ] ] ] } },
{ "type": "Feature", "properties": { "beat_id": 167, "sector_id": 6 }, "geometry": { "type": "Polygon", "coordinates": [ [ [ -118.249214435571105, 34.044172832219843 ], [ -118.247843074212767, 34.044492880864468 ], [ -118.244772047449132, 34.042634771788975 ], [ -118.246895789917787, 34.039787587578218 ], [ -118.250780116666647, 34.040919286386348 ], [ -118.249214435571105, 34.044172832219843 ] ] ] } },
{ "type": "Feature", "properties": { "beat_id": 100, "sector_id": 6 }, "geometry": { "type": "Polygon", "coordinates": [ [ [ -118.255724028470425, 34.047185753599074 ], [ -118.254644149666973, 34.046895558957992 ], [ -118.253988848022942, 34.045647460764719 ], [ -118.254658975328411, 34.042049376998456 ], [ -118.259676000348122, 34.04351104568466 ], [ -118.255724028470425, 34.047185753599074 ] ] ] } },
{ "type": "Feature", "properties": { "beat_id": 228, "sector_id": 6 }, "geometry": { "type": "Polygon", "coordinates": [ [ [ -118.26434574684427, 34.065873337525495 ], [ -118.263178569307399, 34.066513957768024 ], [ -118.261999141715449, 34.066487856859773 ], [ -118.258741670965236, 34.062338599527699 ], [ -118.261585198003829, 34.059980915660823 ], [ -118.266357106939196, 34.061789524442574 ], [ -118.26434574684427, 34.065873337525495 ] ] ] } },
{ "type": "Feature", "properties": { "beat_id": 76, "sector_id": 5 }, "geometry": { "type": "Polygon", "coordinates": [ [ [ -118.263076985441458, 34.10940823405533 ], [ -118.257635905528502, 34.11197838978206 ], [ -118.25762322619218, 34.111977587823915 ], [ -118.251921347404945, 34.105089435726839 ], [ -118.262465109374816, 34.104381021890049 ], [ -118.264238259042273, 34.106989211362873 ], [ -118.263076985441458, 34.10940823405533 ] ] ] } },
{ "type": "Feature", "properties": { "beat_id": 92, "sector_id": 6 }, "geometry": { "type": "Polygon", "coordinates": [ [ [ -118.260991054346292, 34.057316481995365 ], [ -118.258165991584988, 34.056255086819483 ], [ -118.259108070751751, 34.05210359955386 ], [ -118.260510978154045, 34.051536488087535 ], [ -118.264411198462398, 34.054083585538017 ], [ -118.263794840624684, 34.056176435576631 ], [ -118.260991054346292, 34.057316481995365 ] ] ] } },
{ "type": "Feature", "properties": { "beat_id": 121, "sector_id": 8 }, "geometry": { "type": "Polygon", "coordinates": [ [ [ -118.264387961211725, 34.073543608929292 ], [ -118.260310768093191, 34.073995015178944 ], [ -118.259790064332904, 34.073800645495332 ], [ -118.256744636737963, 34.069267618999852 ], [ -118.261999141715449, 34.066487856859773 ], [ -118.263178569307399, 34.066513957768024 ], [ -118.265660875845441, 34.07224141653797 ], [ -118.264387961211725, 34.073543608929292 ] ] ] } },
{ "type": "Feature", "properties": { "beat_id": 1, "sector_id": 6 }, "geometry": { "type": "Polygon", "coordinates": [ [ [ -118.266089939221331, 34.049265395097478 ], [ -118.261230573995363, 34.050441579077372 ], [ -118.260414935740712, 34.047937944702767 ], [ -118.262056222648226, 34.045254197787543 ], [ -118.266223999955173, 34.04845276662077 ], [ -118.266089939221331, 34.049265395097478 ] ] ] } },
{ "type": "Feature", "properties": { "beat_id": 230, "sector_id": 8 }, "geometry": { "type": "Polygon", "coordinates": [ [ [ -118.262315551709293, 34.099067750083016 ], [ -118.251838599190236, 34.099818404791513 ], [ -118.24996079477387, 34.09481876584637 ], [ -118.251098395533134, 34.093860499538742 ], [ -118.261989159113384, 34.093182952501216 ], [ -118.262042977704468, 34.093226593548117 ], [ -118.262315551709293, 34.099067750083016 ] ] ] } },
{ "type": "Feature", "properties": { "beat_id": 115, "sector_id": 5 }, "geometry": { "type": "Polygon", "coordinates": [ [ [ -118.250200916458951, 34.120135988548491 ], [ -118.240913421212028, 34.114228516476338 ], [ -118.245640529121005, 34.109053795295047 ], [ -118.252169707292381, 34.114692772193678 ], [ -118.250200916458951, 34.120135988548491 ] ] ] } },
{ "type": "Feature", "properties": { "beat_id": 219, "sector_id": 6 }, "geometry": { "type": "Polygon", "coordinates": [ [ [ -118.262056222648226, 34.045254197787543 ], [ -118.260414935740712, 34.047937944702767 ], [ -118.256036999116617, 34.0474858883181 ], [ -118.255724028470425, 34.047185753599074 ], [ -118.259676000348122, 34.04351104568466 ], [ -118.261890599978088, 34.044156242930086 ], [ -118.262056222648226, 34.045254197787543 ] ] ] } },
{ "type": "Feature", "properties": { "beat_id": 44, "sector_id": 6 }, "geometry": { "type": "Polygon", "coordinates": [ [ [ -118.260991054346292, 34.057316481995365 ], [ -118.261585198003829, 34.059980915660823 ], [ -118.258741670965236, 34.062338599527699 ], [ -118.25683446919102, 34.062019159040098 ], [ -118.255116537689275, 34.060312734145086 ], [ -118.257533664079062, 34.056461347282294 ], [ -118.258165991584988, 34.056255086819483 ], [ -118.260991054346292, 34.057316481995365 ] ] ] } },
{ "type": "Feature", "properties": { "beat_id": 78, "sector_id": 6 }, "geometry": { "type": "Polygon", "coordinates": [ [ [ -118.261999141715449, 34.066487856859773 ], [ -118.256744636737963, 34.069267618999852 ], [ -118.256128644038384, 34.069171738453626 ], [ -118.254257027298792, 34.065826487526401 ], [ -118.25683446919102, 34.062019159040098 ], [ -118.258741670965236, 34.062338599527699 ], [ -118.261999141715449, 34.066487856859773 ] ] ] } },
{ "type": "Feature", "properties": { "beat_id": 133, "sector_id": 8 }, "geometry": { "type": "Polygon", "coordinates": [ [ [ -118.260310768093191, 34.073995015178944 ], [ -118.260807970333701, 34.080384846233706 ], [ -118.256303299382139, 34.08031138628894 ], [ -118.253338745112757, 34.077229500700575 ], [ -118.259790064332904, 34.073800645495332 ], [ -118.260310768093191, 34.073995015178944 ] ] ] } },
{ "type": "Feature", "properties": { "beat_id": 64, "sector_id": 6 }, "geometry": { "type": "Polygon", "coordinates": [ [ [ -118.260510978154045, 34.051536488087535 ], [ -118.259108070751751, 34.05210359955386 ], [ -118.256689508949819, 34.051143374198581 ], [ -118.256036999116617, 34.0474858883181 ], [ -118.260414935740712, 34.047937944702767 ], [ -118.261230573995363, 34.050441579077372 ], [ -118.260510978154045, 34.051536488087535 ] ] ] } },
{ "type": "Feature", "properties": { "beat_id": 179, "sector_id": 6 }, "geometry": { "type": "Polygon", "coordinates": [ [ [ -118.257533664079062, 34.056461347282294 ], [ -118.253070797807737, 34.054860724887362 ], [ -118.252124134708808, 34.052341208984501 ], [ -118.256689508949819, 34.051143374198581 ], [ -118.259108070751751, 34.05210359955386 ], [ -118.258165991584988, 34.056255086819483 ], [ -118.257533664079062, 34.056461347282294 ] ] ] } },
{ "type": "Feature", "properties": { "beat_id": 74, "sector_id": 8 }, "geometry": { "type": "Polygon", "coordinates": [ [ [ -118.259790064332904, 34.073800645495332 ], [ -118.253338745112757, 34.077229500700575 ], [ -118.250860668743599, 34.07650202487013 ], [ -118.251973126973837, 34.071012614005689 ], [ -118.256128644038384, 34.069171738453626 ], [ -118.256744636737963, 34.069267618999852 ], [ -118.259790064332904, 34.073800645495332 ] ] ] } },
{ "type": "Feature", "properties": { "beat_id": 176, "sector_id": 8 }, "geometry": { "type": "Polygon", "coordinates": [ [ [ -118.256303299382139, 34.08031138628894 ], [ -118.25292862326279, 34.08621547445486 ], [ -118.252747059531117, 34.086267808602301 ], [ -118.243993173003972, 34.083026176869076 ], [ -118.244551206929003, 34.078731804648861 ], [ -118.250860668743599, 34.07650202487013 ], [ -118.253338745112757, 34.077229500700575 ], [ -118.256303299382139, 34.08031138628894 ] ] ] } },
{ "type": "Feature", "properties": { "beat_id": 4, "sector_id": 5 }, "geometry": { "type": "Polygon", "coordinates": [ [ [ -118.25762322619218, 34.111977587823915 ], [ -118.252169707292381, 34.114692772193678 ], [ -118.245640529121005, 34.109053795295047 ], [ -118.245891482301175, 34.106001012865626 ], [ -118.25014990178046, 34.104283822027099 ], [ -118.251921347404945, 34.105089435726839 ], [ -118.25762322619218, 34.111977587823915 ] ] ] } },
{ "type": "Feature", "properties": { "beat_id": 49, "sector_id": 8 }, "geometry": { "type": "Polygon", "coordinates": [ [ [ -118.261989159113384, 34.093182952501216 ], [ -118.251098395533134, 34.093860499538742 ], [ -118.252747059531117, 34.086267808602301 ], [ -118.25292862326279, 34.08621547445486 ], [ -118.260473608191703, 34.087679260986633 ], [ -118.261989159113384, 34.093182952501216 ] ] ] } },
{ "type": "Feature", "properties": { "beat_id": 105, "sector_id": 5 }, "geometry": { "type": "Polygon", "coordinates": [ [ [ -118.226529591334469, 34.135234748742953 ], [ -118.223826652194433, 34.131470284695034 ], [ -118.223871986612451, 34.128467685136037 ], [ -118.228377969379068, 34.124340141447469 ], [ -118.236242193509682, 34.123299193161259 ], [ -118.239556138560133, 34.126126636089381 ], [ -118.238785, 34.126233 ], [ -118.237981, 34.126343 ], [ -118.237579, 34.126433 ], [ -118.237367, 34.126463 ], [ -118.236939, 34.126486 ], [ -118.236057, 34.126607 ], [ -118.23548, 34.126687 ], [ -118.235406, 34.126697 ], [ -118.235238, 34.12672 ], [ -118.235312, 34.127602 ], [ -118.235539, 34.128005 ], [ -118.235717, 34.128311 ], [ -118.235876, 34.128584 ], [ -118.236019, 34.12883 ], [ -118.236102, 34.129375 ], [ -118.236146, 34.129664 ], [ -118.236423, 34.131484 ], [ -118.236608, 34.132715 ], [ -118.23655, 34.133291 ], [ -118.236495, 34.133533 ], [ -118.236484, 34.133577 ], [ -118.236387, 34.134002 ], [ -118.236342, 34.134199 ], [ -118.236323, 34.134281 ], [ -118.236273, 34.134498 ], [ -118.235864, 34.1345 ], [ -118.235687, 34.134496 ], [ -118.235669, 34.134497 ], [ -118.235516, 34.134502 ], [ -118.233807, 34.13451 ], [ -118.233714, 34.13451 ], [ -118.233605, 34.13451 ], [ -118.233601, 34.135045 ], [ -118.233598, 34.1356 ], [ -118.232629, 34.1356 ], [ -118.232342, 34.135601 ], [ -118.231838, 34.135601 ], [ -118.231028, 34.135601 ], [ -118.230022, 34.135601 ], [ -118.229607, 34.135601 ], [ -118.229567, 34.135601 ], [ -118.229344, 34.135601 ], [ -118.22929, 34.1356 ], [ -118.229236, 34.135601 ], [ -118.227916, 34.135601 ], [ -118.227751, 34.135601 ], [ -118.227755746956674, 34.135695585577039 ], [ -118.226529591334469, 34.135234748742953 ] ] ] } },
{ "type": "Feature", "properties": { "beat_id": 159, "sector_id": 8 }, "geometry": { "type": "Polygon", "coordinates": [ [ [ -118.24996079477387, 34.09481876584637 ], [ -118.241900172942309, 34.093619808223373 ], [ -118.241111065580512, 34.085377697536366 ], [ -118.243993173003972, 34.083026176869076 ], [ -118.252747059531117, 34.086267808602301 ], [ -118.251098395533134, 34.093860499538742 ], [ -118.24996079477387, 34.09481876584637 ] ] ] } },
{ "type": "Feature", "properties": { "beat_id": 93, "sector_id": 5 }, "geometry": { "type": "Polygon", "coordinates": [ [ [ -118.251838599190236, 34.099818404791513 ], [ -118.25014990178046, 34.104283822027099 ], [ -118.245891482301175, 34.106001012865626 ], [ -118.242350553962652, 34.104450593471547 ], [ -118.238579399091478, 34.096173485107236 ], [ -118.241900172942309, 34.093619808223373 ], [ -118.24996079477387, 34.09481876584637 ], [ -118.251838599190236, 34.099818404791513 ] ] ] } },
{ "type": "Feature", "properties": { "beat_id": 21, "sector_id": 6 }, "geometry": { "type": "Polygon", "coordinates": [ [ [ -118.244772047449132, 34.042634771788975 ], [ -118.243865194082417, 34.042835831140522 ], [ -118.241257426617707, 34.041230527137685 ], [ -118.2423434917349, 34.038461256038154 ], [ -118.246895789917787, 34.039787587578218 ], [ -118.244772047449132, 34.042634771788975 ] ] ] } },
{ "type": "Feature", "properties": { "beat_id": 15, "sector_id": 6 }, "geometry": { "type": "Polygon", "coordinates": [ [ [ -118.256036999116617, 34.0474858883181 ], [ -118.256689508949819, 34.051143374198581 ], [ -118.252124134708808, 34.052341208984501 ], [ -118.25195058147338, 34.052243973873011 ], [ -118.252951755808425, 34.047919400126759 ], [ -118.254644149666973, 34.046895558957992 ], [ -118.255724028470425, 34.047185753599074 ], [ -118.256036999116617, 34.0474858883181 ] ] ] } },
{ "type": "Feature", "properties": { "beat_id": 8, "sector_id": 6 }, "geometry": { "type": "Polygon", "coordinates": [ [ [ -118.256128644038384, 34.069171738453626 ], [ -118.251973126973837, 34.071012614005689 ], [ -118.248250164266466, 34.069235787237695 ], [ -118.248645764838301, 34.064783156263431 ], [ -118.249926056363847, 34.064210937049566 ], [ -118.254257027298792, 34.065826487526401 ], [ -118.256128644038384, 34.069171738453626 ] ] ] } },
{ "type": "Feature", "properties": { "beat_id": 232, "sector_id": 6 }, "geometry": { "type": "Polygon", "coordinates": [ [ [ -118.255116537689275, 34.060312734145086 ], [ -118.251433765756474, 34.060218808816693 ], [ -118.249796890881953, 34.058556659279851 ], [ -118.253070797807737, 34.054860724887362 ], [ -118.257533664079062, 34.056461347282294 ], [ -118.255116537689275, 34.060312734145086 ] ] ] } },
{ "type": "Feature", "properties": { "beat_id": 233, "sector_id": 6 }, "geometry": { "type": "Polygon", "coordinates": [ [ [ -118.254257027298792, 34.065826487526401 ], [ -118.249926056363847, 34.064210937049566 ], [ -118.251433765756474, 34.060218808816693 ], [ -118.255116537689275, 34.060312734145086 ], [ -118.25683446919102, 34.062019159040098 ], [ -118.254257027298792, 34.065826487526401 ] ] ] } },
{ "type": "Feature", "properties": { "beat_id": 213, "sector_id": 6 }, "geometry": { "type": "Polygon", "coordinates": [ [ [ -118.252951755808425, 34.047919400126759 ], [ -118.250178286753766, 34.047550896365792 ], [ -118.249797990224209, 34.044732298454079 ], [ -118.253988848022942, 34.045647460764719 ], [ -118.254644149666973, 34.046895558957992 ], [ -118.252951755808425, 34.047919400126759 ] ] ] } },
{ "type": "Feature", "properties": { "beat_id": 99, "sector_id": 6 }, "geometry": { "type": "Polygon", "coordinates": [ [ [ -118.251433765756474, 34.060218808816693 ], [ -118.249926056363847, 34.064210937049566 ], [ -118.248645764838301, 34.064783156263431 ], [ -118.245156944916033, 34.063812177291567 ], [ -118.245016978706559, 34.05786124109359 ], [ -118.245722841045549, 34.057613828698045 ], [ -118.249796890881953, 34.058556659279851 ], [ -118.251433765756474, 34.060218808816693 ] ] ] } },
{ "type": "Feature", "properties": { "beat_id": 96, "sector_id": 6 }, "geometry": { "type": "Polygon", "coordinates": [ [ [ -118.252124134708808, 34.052341208984501 ], [ -118.253070797807737, 34.054860724887362 ], [ -118.249796890881953, 34.058556659279851 ], [ -118.245722841045549, 34.057613828698045 ], [ -118.246831625567282, 34.054171981118692 ], [ -118.25161244046032, 34.052203969046282 ], [ -118.25195058147338, 34.052243973873011 ], [ -118.252124134708808, 34.052341208984501 ] ] ] } },
{ "type": "Feature", "properties": { "beat_id": 186, "sector_id": 6 }, "geometry": { "type": "Polygon", "coordinates": [ [ [ -118.25195058147338, 34.052243973873011 ], [ -118.25161244046032, 34.052203969046282 ], [ -118.248373245747416, 34.04951739847499 ], [ -118.248388501057363, 34.048690309465179 ], [ -118.250178286753766, 34.047550896365792 ], [ -118.252951755808425, 34.047919400126759 ], [ -118.25195058147338, 34.052243973873011 ] ] ] } },
{ "type": "Feature", "properties": { "beat_id": 32, "sector_id": 6 }, "geometry": { "type": "Polygon", "coordinates": [ [ [ -118.253988848022942, 34.045647460764719 ], [ -118.249797990224209, 34.044732298454079 ], [ -118.249214435571105, 34.044172832219843 ], [ -118.250780116666647, 34.040919286386348 ], [ -118.254658975328411, 34.042049376998456 ], [ -118.253988848022942, 34.045647460764719 ] ] ] } },
{ "type": "Feature", "properties": { "beat_id": 104, "sector_id": 6 }, "geometry": { "type": "Polygon", "coordinates": [ [ [ -118.249797990224209, 34.044732298454079 ], [ -118.250178286753766, 34.047550896365792 ], [ -118.248388501057363, 34.048690309465179 ], [ -118.245936887843555, 34.04676484293374 ], [ -118.247843074212767, 34.044492880864468 ], [ -118.249214435571105, 34.044172832219843 ], [ -118.249797990224209, 34.044732298454079 ] ] ] } },
{ "type": "Feature", "properties": { "beat_id": 109, "sector_id": 8 }, "geometry": { "type": "Polygon", "coordinates": [ [ [ -118.250860668743599, 34.07650202487013 ], [ -118.244551206929003, 34.078731804648861 ], [ -118.239011550653458, 34.072897711786325 ], [ -118.240840894194392, 34.071182475412527 ], [ -118.248250164266466, 34.069235787237695 ], [ -118.251973126973837, 34.071012614005689 ], [ -118.250860668743599, 34.07650202487013 ] ] ] } },
{ "type": "Feature", "properties": { "beat_id": 212, "sector_id": 6 }, "geometry": { "type": "Polygon", "coordinates": [ [ [ -118.25161244046032, 34.052203969046282 ], [ -118.246831625567282, 34.054171981118692 ], [ -118.244787787780339, 34.051351078854971 ], [ -118.248373245747416, 34.04951739847499 ], [ -118.25161244046032, 34.052203969046282 ] ] ] } },
{ "type": "Feature", "properties": { "beat_id": 68, "sector_id": 6 }, "geometry": { "type": "Polygon", "coordinates": [ [ [ -118.248388501057363, 34.048690309465179 ], [ -118.248373245747416, 34.04951739847499 ], [ -118.244787787780339, 34.051351078854971 ], [ -118.243996206378512, 34.051096919774672 ], [ -118.24305836473016, 34.048451280400741 ], [ -118.24416857339456, 34.046940653572641 ], [ -118.245936887843555, 34.04676484293374 ], [ -118.248388501057363, 34.048690309465179 ] ] ] } },
{ "type": "Feature", "properties": { "beat_id": 198, "sector_id": 6 }, "geometry": { "type": "Polygon", "coordinates": [ [ [ -118.248645764838301, 34.064783156263431 ], [ -118.248250164266466, 34.069235787237695 ], [ -118.240840894194392, 34.071182475412527 ], [ -118.242310565644289, 34.064944062783141 ], [ -118.245156944916033, 34.063812177291567 ], [ -118.248645764838301, 34.064783156263431 ] ] ] } },
{ "type": "Feature", "properties": { "beat_id": 193, "sector_id": 6 }, "geometry": { "type": "Polygon", "coordinates": [ [ [ -118.240840894194392, 34.071182475412527 ], [ -118.239011550653458, 34.072897711786325 ], [ -118.237882410194203, 34.072788657042651 ], [ -118.234475151349145, 34.068710723747117 ], [ -118.23506987129602, 34.065173117739398 ], [ -118.239890377676744, 34.063271339438835 ], [ -118.242310565644289, 34.064944062783141 ], [ -118.240840894194392, 34.071182475412527 ] ] ] } },
{ "type": "Feature", "properties": { "beat_id": 136, "sector_id": 3 }, "geometry": { "type": "Polygon", "coordinates": [ [ [ -118.243993173003972, 34.083026176869076 ], [ -118.241111065580512, 34.085377697536366 ], [ -118.231643262246024, 34.084618408425357 ], [ -118.230750561048893, 34.083859107444162 ], [ -118.228767367149473, 34.079748292535932 ], [ -118.230022669495369, 34.076830632286551 ], [ -118.237882410194203, 34.072788657042651 ], [ -118.239011550653458, 34.072897711786325 ], [ -118.244551206929003, 34.078731804648861 ], [ -118.243993173003972, 34.083026176869076 ] ] ] } },
{ "type": "Feature", "properties": { "beat_id": 148, "sector_id": 6 }, "geometry": { "type": "Polygon", "coordinates": [ [ [ -118.246831625567282, 34.054171981118692 ], [ -118.245722841045549, 34.057613828698045 ], [ -118.245016978706559, 34.05786124109359 ], [ -118.244473636640336, 34.057808615382477 ], [ -118.241175795589172, 34.055855678035741 ], [ -118.239708026469941, 34.053257506943162 ], [ -118.243996206378512, 34.051096919774672 ], [ -118.244787787780339, 34.051351078854971 ], [ -118.246831625567282, 34.054171981118692 ] ] ] } },
{ "type": "Feature", "properties": { "beat_id": 237, "sector_id": 6 }, "geometry": { "type": "Polygon", "coordinates": [ [ [ -118.241257426617707, 34.041230527137685 ], [ -118.237483886576911, 34.042546030998103 ], [ -118.235752958289495, 34.03920392466987 ], [ -118.23664822561588, 34.036801886698541 ], [ -118.2423434917349, 34.038461256038154 ], [ -118.241257426617707, 34.041230527137685 ] ] ] } },
{ "type": "Feature", "properties": { "beat_id": 197, "sector_id": 5 }, "geometry": { "type": "Polygon", "coordinates": [ [ [ -118.240913421212028, 34.114228516476338 ], [ -118.24038750172943, 34.114363910008763 ], [ -118.232492327099465, 34.110051361179629 ], [ -118.234194743902037, 34.107010943314492 ], [ -118.242350553962652, 34.104450593471547 ], [ -118.245891482301175, 34.106001012865626 ], [ -118.245640529121005, 34.109053795295047 ], [ -118.240913421212028, 34.114228516476338 ] ] ] } },
{ "type": "Feature", "properties": { "beat_id": 226, "sector_id": 6 }, "geometry": { "type": "Polygon", "coordinates": [ [ [ -118.24416857339456, 34.046940653572641 ], [ -118.24305836473016, 34.048451280400741 ], [ -118.238001852367418, 34.048315069124818 ], [ -118.238847456116346, 34.044938460118523 ], [ -118.242871385706223, 34.045170920432597 ], [ -118.24416857339456, 34.046940653572641 ] ] ] } },
{ "type": "Feature", "properties": { "beat_id": 82, "sector_id": 6 }, "geometry": { "type": "Polygon", "coordinates": [ [ [ -118.242871385706223, 34.045170920432597 ], [ -118.243865194082417, 34.042835831140522 ], [ -118.244772047449132, 34.042634771788975 ], [ -118.247843074212767, 34.044492880864468 ], [ -118.245936887843555, 34.04676484293374 ], [ -118.24416857339456, 34.046940653572641 ], [ -118.242871385706223, 34.045170920432597 ] ] ] } },
{ "type": "Feature", "properties": { "beat_id": 118, "sector_id": 6 }, "geometry": { "type": "Polygon", "coordinates": [ [ [ -118.239890377676744, 34.063271339438835 ], [ -118.23936387293989, 34.061165226882238 ], [ -118.244473636640336, 34.057808615382477 ], [ -118.245016978706559, 34.05786124109359 ], [ -118.245156944916033, 34.063812177291567 ], [ -118.242310565644289, 34.064944062783141 ], [ -118.239890377676744, 34.063271339438835 ] ] ] } },
{ "type": "Feature", "properties": { "beat_id": 57, "sector_id": 6 }, "geometry": { "type": "Polygon", "coordinates": [ [ [ -118.235752958289495, 34.03920392466987 ], [ -118.228501450761513, 34.040456539450339 ], [ -118.227423114970264, 34.039319949535937 ], [ -118.229200297593252, 34.034631813849828 ], [ -118.23664822561588, 34.036801886698541 ], [ -118.235752958289495, 34.03920392466987 ] ] ] } },
{ "type": "Feature", "properties": { "beat_id": 142, "sector_id": 0 }, "geometry": { "type": "Polygon", "coordinates": [ [ [ -118.201326297468, 34.029118491186694 ], [ -118.196827324432405, 34.030422187103269 ], [ -118.192332810298936, 34.028148702130515 ], [ -118.192331, 34.027955 ], [ -118.192325, 34.027298 ], [ -118.192325, 34.027283 ], [ -118.192317, 34.026358 ], [ -118.192316, 34.02631 ], [ -118.192316, 34.026292 ], [ -118.192313, 34.025958 ], [ -118.19231, 34.025538 ], [ -118.192308, 34.025298 ], [ -118.1923, 34.024372 ], [ -118.192299, 34.024258 ], [ -118.192296, 34.023964 ], [ -118.192295271566394, 34.023878125774289 ], [ -118.202758232879674, 34.026927047367238 ], [ -118.201326297468, 34.029118491186694 ] ] ] } },
{ "type": "Feature", "properties": { "beat_id": 71, "sector_id": 6 }, "geometry": { "type": "Polygon", "coordinates": [ [ [ -118.242871385706223, 34.045170920432597 ], [ -118.238847456116346, 34.044938460118523 ], [ -118.237479534642702, 34.04255854551505 ], [ -118.237483886576911, 34.042546030998103 ], [ -118.241257426617707, 34.041230527137685 ], [ -118.243865194082417, 34.042835831140522 ], [ -118.242871385706223, 34.045170920432597 ] ] ] } },
{ "type": "Feature", "properties": { "beat_id": 52, "sector_id": 5 }, "geometry": { "type": "Polygon", "coordinates": [ [ [ -118.236024461104549, 34.12100471666254 ], [ -118.225971437259801, 34.112738015062625 ], [ -118.232492327099465, 34.110051361179629 ], [ -118.24038750172943, 34.114363910008763 ], [ -118.236024461104549, 34.12100471666254 ] ] ] } },
{ "type": "Feature", "properties": { "beat_id": 9, "sector_id": 6 }, "geometry": { "type": "Polygon", "coordinates": [ [ [ -118.239708026469941, 34.053257506943162 ], [ -118.236836012605181, 34.052092350447111 ], [ -118.236886927492748, 34.049211584121942 ], [ -118.238001852367418, 34.048315069124818 ], [ -118.24305836473016, 34.048451280400741 ], [ -118.243996206378512, 34.051096919774672 ], [ -118.239708026469941, 34.053257506943162 ] ] ] } },
{ "type": "Feature", "properties": { "beat_id": 180, "sector_id": 3 }, "geometry": { "type": "Polygon", "coordinates": [ [ [ -118.238579399091478, 34.096173485107236 ], [ -118.238348488375138, 34.096181002215232 ], [ -118.229859821311578, 34.091742974392538 ], [ -118.231643262246024, 34.084618408425357 ], [ -118.241111065580512, 34.085377697536366 ], [ -118.241900172942309, 34.093619808223373 ], [ -118.238579399091478, 34.096173485107236 ] ] ] } },
{ "type": "Feature", "properties": { "beat_id": 124, "sector_id": 6 }, "geometry": { "type": "Polygon", "coordinates": [ [ [ -118.239708026469941, 34.053257506943162 ], [ -118.241175795589172, 34.055855678035741 ], [ -118.235032095182348, 34.059159347250137 ], [ -118.234882379802769, 34.05914561318496 ], [ -118.235034280433666, 34.053103873509507 ], [ -118.236836012605181, 34.052092350447111 ], [ -118.239708026469941, 34.053257506943162 ] ] ] } },
{ "type": "Feature", "properties": { "beat_id": 103, "sector_id": 6 }, "geometry": { "type": "Polygon", "coordinates": [ [ [ -118.238847456116346, 34.044938460118523 ], [ -118.238001852367418, 34.048315069124818 ], [ -118.236886927492748, 34.049211584121942 ], [ -118.229790006561643, 34.045619522213556 ], [ -118.237479534642702, 34.04255854551505 ], [ -118.238847456116346, 34.044938460118523 ] ] ] } },
{ "type": "Feature", "properties": { "beat_id": 34, "sector_id": 6 }, "geometry": { "type": "Polygon", "coordinates": [ [ [ -118.244473636640336, 34.057808615382477 ], [ -118.23936387293989, 34.061165226882238 ], [ -118.235032095182348, 34.059159347250137 ], [ -118.241175795589172, 34.055855678035741 ], [ -118.244473636640336, 34.057808615382477 ] ] ] } },
{ "type": "Feature", "properties": { "beat_id": 229, "sector_id": 6 }, "geometry": { "type": "Polygon", "coordinates": [ [ [ -118.239890377676744, 34.063271339438835 ], [ -118.23506987129602, 34.065173117739398 ], [ -118.231979535280871, 34.060438996247925 ], [ -118.234882379802769, 34.05914561318496 ], [ -118.235032095182348, 34.059159347250137 ], [ -118.23936387293989, 34.061165226882238 ], [ -118.239890377676744, 34.063271339438835 ] ] ] } },
{ "type": "Feature", "properties": { "beat_id": 190, "sector_id": 0 }, "geometry": { "type": "Polygon", "coordinates": [ [ [ -118.227423114970264, 34.039319949535937 ], [ -118.223941308422113, 34.039330235979271 ], [ -118.220240668137961, 34.034964529116358 ], [ -118.219938422756698, 34.031933141170818 ], [ -118.229200297593252, 34.034631813849828 ], [ -118.227423114970264, 34.039319949535937 ] ] ] } },
{ "type": "Feature", "properties": { "beat_id": 63, "sector_id": 6 }, "geometry": { "type": "Polygon", "coordinates": [ [ [ -118.236836012605181, 34.052092350447111 ], [ -118.235034280433666, 34.053103873509507 ], [ -118.228641926495015, 34.052851464287095 ], [ -118.229588232813313, 34.045684891255391 ], [ -118.229677575321901, 34.045612124008812 ], [ -118.229790006561643, 34.045619522213556 ], [ -118.236886927492748, 34.049211584121942 ], [ -118.236836012605181, 34.052092350447111 ] ] ] } },
{ "type": "Feature", "properties": { "beat_id": 155, "sector_id": 6 }, "geometry": { "type": "Polygon", "coordinates": [ [ [ -118.234882379802769, 34.05914561318496 ], [ -118.231979535280871, 34.060438996247925 ], [ -118.223700627093962, 34.059995073866737 ], [ -118.223475470550014, 34.059830050391554 ], [ -118.225368071868118, 34.055221394126079 ], [ -118.228641926495015, 34.052851464287095 ], [ -118.235034280433666, 34.053103873509507 ], [ -118.234882379802769, 34.05914561318496 ] ] ] } },
{ "type": "Feature", "properties": { "beat_id": 116, "sector_id": 5 }, "geometry": { "type": "Polygon", "coordinates": [ [ [ -118.242350553962652, 34.104450593471547 ], [ -118.234194743902037, 34.107010943314492 ], [ -118.230442711060803, 34.101126628717765 ], [ -118.238348488375138, 34.096181002215232 ], [ -118.238579399091478, 34.096173485107236 ], [ -118.242350553962652, 34.104450593471547 ] ] ] } },
{ "type": "Feature", "properties": { "beat_id": 25, "sector_id": 6 }, "geometry": { "type": "Polygon", "coordinates": [ [ [ -118.234475151349145, 34.068710723747117 ], [ -118.225935818933507, 34.066738065173141 ], [ -118.223700627093962, 34.059995073866737 ], [ -118.231979535280871, 34.060438996247925 ], [ -118.23506987129602, 34.065173117739398 ], [ -118.234475151349145, 34.068710723747117 ] ] ] } },
{ "type": "Feature", "properties": { "beat_id": 132, "sector_id": 6 }, "geometry": { "type": "Polygon", "coordinates": [ [ [ -118.237479534642702, 34.04255854551505 ], [ -118.229790006561643, 34.045619522213556 ], [ -118.229677575321901, 34.045612124008812 ], [ -118.228501450761513, 34.040456539450339 ], [ -118.235752958289495, 34.03920392466987 ], [ -118.237483886576911, 34.042546030998103 ], [ -118.237479534642702, 34.04255854551505 ] ] ] } },
{ "type": "Feature", "properties": { "beat_id": 210, "sector_id": 5 }, "geometry": { "type": "Polygon", "coordinates": [ [ [ -118.225971437259801, 34.112738015062625 ], [ -118.225448120503316, 34.112748686911104 ], [ -118.219596895320677, 34.107891637870154 ], [ -118.219457416047248, 34.102514056239059 ], [ -118.224090609889927, 34.100291020843123 ], [ -118.230442711060803, 34.101126628717765 ], [ -118.234194743902037, 34.107010943314492 ], [ -118.232492327099465, 34.110051361179629 ], [ -118.225971437259801, 34.112738015062625 ] ] ] } },
{ "type": "Feature", "properties": { "beat_id": 65, "sector_id": 7 }, "geometry": { "type": "Polygon", "coordinates": [ [ [ -118.21928148692875, 34.139236670604546 ], [ -118.226529591334469, 34.135234748742953 ], [ -118.227755746956674, 34.135695585577039 ], [ -118.227818, 34.136936 ], [ -118.227877, 34.138084 ], [ -118.228629, 34.138081 ], [ -118.228947, 34.13808 ], [ -118.229149, 34.138079 ], [ -118.229156, 34.139055 ], [ -118.229156, 34.139073 ], [ -118.228841, 34.139073 ], [ -118.228784, 34.139073 ], [ -118.228785, 34.139367 ], [ -118.228787, 34.140252 ], [ -118.228791, 34.142699 ], [ -118.228776, 34.142768 ], [ -118.228764, 34.142837 ], [ -118.228765, 34.143562 ], [ -118.228767, 34.144488 ], [ -118.228769, 34.145897 ], [ -118.228776, 34.145911 ], [ -118.228889, 34.14612 ], [ -118.228787, 34.146042 ], [ -118.228709, 34.145982 ], [ -118.228577, 34.145881 ], [ -118.228292, 34.146355 ], [ -118.228237, 34.146447 ], [ -118.228446, 34.146582 ], [ -118.228488, 34.146609 ], [ -118.22849, 34.14661 ], [ -118.228576, 34.146666 ], [ -118.228683, 34.146735 ], [ -118.228602, 34.146886 ], [ -118.228523, 34.146861 ], [ -118.228451, 34.146838 ], [ -118.228317, 34.146795 ], [ -118.228301, 34.146799 ], [ -118.228163, 34.146831 ], [ -118.2282, 34.147019 ], [ -118.2282, 34.147021 ], [ -118.228267, 34.147367 ], [ -118.228265, 34.147396 ], [ -118.228262, 34.147422 ], [ -118.22826, 34.147452 ], [ -118.227649, 34.147423 ], [ -118.227641, 34.147441 ], [ -118.227553, 34.147585 ], [ -118.227505, 34.147669 ], [ -118.227452, 34.147755 ], [ -118.227423, 34.147747 ], [ -118.227004, 34.147628 ], [ -118.227009, 34.147891 ], [ -118.226997, 34.148164 ], [ -118.226967, 34.148436 ], [ -118.226939, 34.14861 ], [ -118.22628, 34.149707 ], [ -118.226231, 34.149789 ], [ -118.226043, 34.149726 ], [ -118.225853, 34.149662 ], [ -118.225562, 34.149564 ], [ -118.225388, 34.149505 ], [ -118.225339, 34.149486 ], [ -118.225288, 34.149471 ], [ -118.225, 34.149374 ], [ -118.224993, 34.149372 ], [ -118.224967, 34.149363 ], [ -118.224793, 34.149355 ], [ -118.224728, 34.149352 ], [ -118.224692, 34.149351 ], [ -118.224638, 34.149348 ], [ -118.224584, 34.149347 ], [ -118.223044, 34.14928 ], [ -118.222509, 34.149256 ], [ -118.222455, 34.149254 ], [ -118.221172, 34.148057 ], [ -118.21963, 34.147438 ], [ -118.219586, 34.147403 ], [ -118.21948, 34.146971 ], [ -118.219476, 34.146953 ], [ -118.219002, 34.146956 ], [ -118.21615, 34.146948 ], [ -118.21614, 34.146948 ], [ -118.215961614362158, 34.146857020177201 ], [ -118.21928148692875, 34.139236670604546 ] ] ] } },
{ "type": "Feature", "properties": { "beat_id": 24, "sector_id": 5 }, "geometry": { "type": "Polygon", "coordinates": [ [ [ -118.238348488375138, 34.096181002215232 ], [ -118.230442711060803, 34.101126628717765 ], [ -118.224090609889927, 34.100291020843123 ], [ -118.226368566634989, 34.093164086492941 ], [ -118.229859821311578, 34.091742974392538 ], [ -118.238348488375138, 34.096181002215232 ] ] ] } },
{ "type": "Feature", "properties": { "beat_id": 27, "sector_id": 0 }, "geometry": { "type": "Polygon", "coordinates": [ [ [ -118.229588232813313, 34.045684891255391 ], [ -118.222377259130838, 34.046510623120312 ], [ -118.219710230989179, 34.042305842426835 ], [ -118.223941308422113, 34.039330235979271 ], [ -118.227423114970264, 34.039319949535937 ], [ -118.228501450761513, 34.040456539450339 ], [ -118.229677575321901, 34.045612124008812 ], [ -118.229588232813313, 34.045684891255391 ] ] ] } },
{ "type": "Feature", "properties": { "beat_id": 60, "sector_id": 6 }, "geometry": { "type": "Polygon", "coordinates": [ [ [ -118.225368071868118, 34.055221394126079 ], [ -118.220908435669742, 34.048711984212559 ], [ -118.222377259130838, 34.046510623120312 ], [ -118.229588232813313, 34.045684891255391 ], [ -118.228641926495015, 34.052851464287095 ], [ -118.225368071868118, 34.055221394126079 ] ] ] } },
{ "type": "Feature", "properties": { "beat_id": 154, "sector_id": 3 }, "geometry": { "type": "Polygon", "coordinates": [ [ [ -118.237882410194203, 34.072788657042651 ], [ -118.230022669495369, 34.076830632286551 ], [ -118.223916541843863, 34.071047926577478 ], [ -118.225935818933507, 34.066738065173141 ], [ -118.234475151349145, 34.068710723747117 ], [ -118.237882410194203, 34.072788657042651 ] ] ] } },
{ "type": "Feature", "properties": { "beat_id": 58, "sector_id": 3 }, "geometry": { "type": "Polygon", "coordinates": [ [ [ -118.223700627093962, 34.059995073866737 ], [ -118.225935818933507, 34.066738065173141 ], [ -118.223916541843863, 34.071047926577478 ], [ -118.220849289893309, 34.071786957335235 ], [ -118.214782749976351, 34.069548496275779 ], [ -118.214721415164661, 34.06942193707593 ], [ -118.219433327182486, 34.060159616721521 ], [ -118.219798519367856, 34.059930739028054 ], [ -118.223475470550014, 34.059830050391554 ], [ -118.223700627093962, 34.059995073866737 ] ] ] } },
{ "type": "Feature", "properties": { "beat_id": 55, "sector_id": 3 }, "geometry": { "type": "Polygon", "coordinates": [ [ [ -118.231643262246024, 34.084618408425357 ], [ -118.229859821311578, 34.091742974392538 ], [ -118.226368566634989, 34.093164086492941 ], [ -118.220598148716348, 34.089933969148362 ], [ -118.221104997643124, 34.087636669809207 ], [ -118.230750561048893, 34.083859107444162 ], [ -118.231643262246024, 34.084618408425357 ] ] ] } },
{ "type": "Feature", "properties": { "beat_id": 35, "sector_id": 5 }, "geometry": { "type": "Polygon", "coordinates": [ [ [ -118.236242193509682, 34.123299193161259 ], [ -118.228377969379068, 34.124340141447469 ], [ -118.223140883886344, 34.117189600863242 ], [ -118.225448120503316, 34.112748686911104 ], [ -118.225971437259801, 34.112738015062625 ], [ -118.236024461104549, 34.12100471666254 ], [ -118.236242193509682, 34.123299193161259 ] ] ] } },
{ "type": "Feature", "properties": { "beat_id": 102, "sector_id": 7 }, "geometry": { "type": "Polygon", "coordinates": [ [ [ -118.228377969379068, 34.124340141447469 ], [ -118.223871986612451, 34.128467685136037 ], [ -118.217740081355245, 34.123743103093517 ], [ -118.218267510500056, 34.120111911642795 ], [ -118.223140883886344, 34.117189600863242 ], [ -118.228377969379068, 34.124340141447469 ] ] ] } },
{ "type": "Feature", "properties": { "beat_id": 207, "sector_id": 3 }, "geometry": { "type": "Polygon", "coordinates": [ [ [ -118.219457416047248, 34.102514056239059 ], [ -118.215466647888945, 34.100020730179551 ], [ -118.214160127853305, 34.09561812349682 ], [ -118.215959021813092, 34.091856702524829 ], [ -118.220598148716348, 34.089933969148362 ], [ -118.226368566634989, 34.093164086492941 ], [ -118.224090609889927, 34.100291020843123 ], [ -118.219457416047248, 34.102514056239059 ] ] ] } },
{ "type": "Feature", "properties": { "beat_id": 165, "sector_id": 7 }, "geometry": { "type": "Polygon", "coordinates": [ [ [ -118.223140883886344, 34.117189600863242 ], [ -118.218267510500056, 34.120111911642795 ], [ -118.209626154399359, 34.116352388984254 ], [ -118.208909212797337, 34.115175592387885 ], [ -118.210121457431512, 34.11221016921494 ], [ -118.219596895320677, 34.107891637870154 ], [ -118.225448120503316, 34.112748686911104 ], [ -118.223140883886344, 34.117189600863242 ] ] ] } },
{ "type": "Feature", "properties": { "beat_id": 191, "sector_id": 3 }, "geometry": { "type": "Polygon", "coordinates": [ [ [ -118.230750561048893, 34.083859107444162 ], [ -118.221104997643124, 34.087636669809207 ], [ -118.21854048570421, 34.083568080803843 ], [ -118.22333909020935, 34.079943843931154 ], [ -118.228767367149473, 34.079748292535932 ], [ -118.230750561048893, 34.083859107444162 ] ] ] } },
{ "type": "Feature", "properties": { "beat_id": 29, "sector_id": 3 }, "geometry": { "type": "Polygon", "coordinates": [ [ [ -118.230022669495369, 34.076830632286551 ], [ -118.228767367149473, 34.079748292535932 ], [ -118.22333909020935, 34.079943843931154 ], [ -118.218977409368051, 34.076482455191034 ], [ -118.220849289893309, 34.071786957335235 ], [ -118.223916541843863, 34.071047926577478 ], [ -118.230022669495369, 34.076830632286551 ] ] ] } },
{ "type": "Feature", "properties": { "beat_id": 192, "sector_id": 0 }, "geometry": { "type": "Polygon", "coordinates": [ [ [ -118.223475470550014, 34.059830050391554 ], [ -118.219798519367856, 34.059930739028054 ], [ -118.214243243361167, 34.054101811073174 ], [ -118.21757797063718, 34.049248914598635 ], [ -118.220908435669742, 34.048711984212559 ], [ -118.225368071868118, 34.055221394126079 ], [ -118.223475470550014, 34.059830050391554 ] ] ] } },
{ "type": "Feature", "properties": { "beat_id": 246, "sector_id": 0 }, "geometry": { "type": "Polygon", "coordinates": [ [ [ -118.206251976588746, 34.03452091182892 ], [ -118.205420160025781, 34.034726310029384 ], [ -118.201326297468, 34.029118491186694 ], [ -118.202758232879674, 34.026927047367238 ], [ -118.209747826498088, 34.028963763714039 ], [ -118.206251976588746, 34.03452091182892 ] ] ] } },
{ "type": "Feature", "properties": { "beat_id": 137, "sector_id": 3 }, "geometry": { "type": "Polygon", "coordinates": [ [ [ -118.220598148716348, 34.089933969148362 ], [ -118.215959021813092, 34.091856702524829 ], [ -118.211511394615414, 34.086933265097066 ], [ -118.217185257731984, 34.08334501475403 ], [ -118.21854048570421, 34.083568080803843 ], [ -118.221104997643124, 34.087636669809207 ], [ -118.220598148716348, 34.089933969148362 ] ] ] } },
{ "type": "Feature", "properties": { "beat_id": 86, "sector_id": 7 }, "geometry": { "type": "Polygon", "coordinates": [ [ [ -118.19393410376658, 34.138033836343062 ], [ -118.195520867668193, 34.136806332467614 ], [ -118.201805339331003, 34.137123048838625 ], [ -118.206496697011247, 34.142936683728898 ], [ -118.207196696108241, 34.147290551979118 ], [ -118.206007, 34.147389 ], [ -118.205489, 34.147427 ], [ -118.205432, 34.147431 ], [ -118.204229, 34.149279 ], [ -118.203929, 34.149468 ], [ -118.203774, 34.149566 ], [ -118.203573, 34.149692 ], [ -118.202701, 34.150633 ], [ -118.202609, 34.150646 ], [ -118.201507, 34.150798 ], [ -118.201348, 34.15082 ], [ -118.200561, 34.150928 ], [ -118.200514, 34.150943 ], [ -118.20047, 34.15094 ], [ -118.200137, 34.150986 ], [ -118.199951, 34.151023 ], [ -118.199713, 34.151045 ], [ -118.199125, 34.151126 ], [ -118.19892, 34.151154 ], [ -118.198405, 34.151487 ], [ -118.198191, 34.151626 ], [ -118.198195, 34.149206 ], [ -118.198195, 34.149045 ], [ -118.196945, 34.149047 ], [ -118.194414, 34.149044 ], [ -118.191837748627066, 34.149047216293887 ], [ -118.19393410376658, 34.138033836343062 ] ] ] } },
{ "type": "Feature", "properties": { "beat_id": 135, "sector_id": 7 }, "geometry": { "type": "Polygon", "coordinates": [ [ [ -118.226529591334469, 34.135234748742953 ], [ -118.21928148692875, 34.139236670604546 ], [ -118.212591150378117, 34.135769674444546 ], [ -118.212020246755642, 34.131870585431486 ], [ -118.223826652194433, 34.131470284695034 ], [ -118.226529591334469, 34.135234748742953 ] ] ] } },
{ "type": "Feature", "properties": { "beat_id": 0, "sector_id": 7 }, "geometry": { "type": "Polygon", "coordinates": [ [ [ -118.215961614362158, 34.146857020177201 ], [ -118.215591, 34.146668 ], [ -118.215574, 34.146659 ], [ -118.212096, 34.146584 ], [ -118.211576, 34.146437 ], [ -118.210933, 34.146173 ], [ -118.210972, 34.14622 ], [ -118.210692, 34.146255 ], [ -118.210413, 34.146291 ], [ -118.210203, 34.146319 ], [ -118.210021, 34.146343 ], [ -118.20944, 34.146419 ], [ -118.208774, 34.146507 ], [ -118.207771, 34.147213 ], [ -118.207723, 34.147247 ], [ -118.207196696108241, 34.147290551979118 ], [ -118.206496697011247, 34.142936683728898 ], [ -118.212591150378117, 34.135769674444546 ], [ -118.21928148692875, 34.139236670604546 ], [ -118.215961614362158, 34.146857020177201 ] ] ] } },
{ "type": "Feature", "properties": { "beat_id": 119, "sector_id": 0 }, "geometry": { "type": "Polygon", "coordinates": [ [ [ -118.220908435669742, 34.048711984212559 ], [ -118.21757797063718, 34.049248914598635 ], [ -118.214062667837212, 34.046447403969403 ], [ -118.214644273173178, 34.044452490333768 ], [ -118.21865970973036, 34.042135285701306 ], [ -118.219710230989179, 34.042305842426835 ], [ -118.222377259130838, 34.046510623120312 ], [ -118.220908435669742, 34.048711984212559 ] ] ] } },
{ "type": "Feature", "properties": { "beat_id": 185, "sector_id": 7 }, "geometry": { "type": "Polygon", "coordinates": [ [ [ -118.223826652194433, 34.131470284695034 ], [ -118.212020246755642, 34.131870585431486 ], [ -118.207565181180669, 34.12825088203666 ], [ -118.217740081355245, 34.123743103093517 ], [ -118.223871986612451, 34.128467685136037 ], [ -118.223826652194433, 34.131470284695034 ] ] ] } },
{ "type": "Feature", "properties": { "beat_id": 196, "sector_id": 3 }, "geometry": { "type": "Polygon", "coordinates": [ [ [ -118.22333909020935, 34.079943843931154 ], [ -118.21854048570421, 34.083568080803843 ], [ -118.217185257731984, 34.08334501475403 ], [ -118.213825080897806, 34.079399435047108 ], [ -118.215338893670662, 34.077273572082426 ], [ -118.218977409368051, 34.076482455191034 ], [ -118.22333909020935, 34.079943843931154 ] ] ] } },
{ "type": "Feature", "properties": { "beat_id": 149, "sector_id": 3 }, "geometry": { "type": "Polygon", "coordinates": [ [ [ -118.218977409368051, 34.076482455191034 ], [ -118.215338893670662, 34.077273572082426 ], [ -118.212588292017443, 34.073139954452095 ], [ -118.214782749976351, 34.069548496275779 ], [ -118.220849289893309, 34.071786957335235 ], [ -118.218977409368051, 34.076482455191034 ] ] ] } },
{ "type": "Feature", "properties": { "beat_id": 72, "sector_id": 0 }, "geometry": { "type": "Polygon", "coordinates": [ [ [ -118.219710230989179, 34.042305842426835 ], [ -118.21865970973036, 34.042135285701306 ], [ -118.216146086158588, 34.039094245591741 ], [ -118.220240668137961, 34.034964529116358 ], [ -118.223941308422113, 34.039330235979271 ], [ -118.219710230989179, 34.042305842426835 ] ] ] } },
{ "type": "Feature", "properties": { "beat_id": 245, "sector_id": 0 }, "geometry": { "type": "Polygon", "coordinates": [ [ [ -118.220240668137961, 34.034964529116358 ], [ -118.216146086158588, 34.039094245591741 ], [ -118.212524836854982, 34.038053268942527 ], [ -118.21180003750942, 34.03654170755695 ], [ -118.217194700015298, 34.031133674282884 ], [ -118.219938422756698, 34.031933141170818 ], [ -118.220240668137961, 34.034964529116358 ] ] ] } },
{ "type": "Feature", "properties": { "beat_id": 112, "sector_id": 7 }, "geometry": { "type": "Polygon", "coordinates": [ [ [ -118.219596895320677, 34.107891637870154 ], [ -118.210121457431512, 34.11221016921494 ], [ -118.20507625589417, 34.107301348884839 ], [ -118.206070055392189, 34.102132652629471 ], [ -118.215466647888945, 34.100020730179551 ], [ -118.219457416047248, 34.102514056239059 ], [ -118.219596895320677, 34.107891637870154 ] ] ] } },
{ "type": "Feature", "properties": { "beat_id": 50, "sector_id": 3 }, "geometry": { "type": "Polygon", "coordinates": [ [ [ -118.219433327182486, 34.060159616721521 ], [ -118.209512683924544, 34.0617867355313 ], [ -118.205808183119615, 34.056619562831408 ], [ -118.206738938872704, 34.055285908539361 ], [ -118.213122380879824, 34.053855103872571 ], [ -118.214243243361167, 34.054101811073174 ], [ -118.219798519367856, 34.059930739028054 ], [ -118.219433327182486, 34.060159616721521 ] ] ] } },
{ "type": "Feature", "properties": { "beat_id": 236, "sector_id": 0 }, "geometry": { "type": "Polygon", "coordinates": [ [ [ -118.214644273173178, 34.044452490333768 ], [ -118.210296053795489, 34.041460172091618 ], [ -118.212524836854982, 34.038053268942527 ], [ -118.216146086158588, 34.039094245591741 ], [ -118.21865970973036, 34.042135285701306 ], [ -118.214644273173178, 34.044452490333768 ] ] ] } },
{ "type": "Feature", "properties": { "beat_id": 225, "sector_id": 7 }, "geometry": { "type": "Polygon", "coordinates": [ [ [ -118.212591150378117, 34.135769674444546 ], [ -118.206496697011247, 34.142936683728898 ], [ -118.201805339331003, 34.137123048838625 ], [ -118.206812291591362, 34.128182552825947 ], [ -118.207096543792304, 34.128140672665346 ], [ -118.207565181180669, 34.12825088203666 ], [ -118.212020246755642, 34.131870585431486 ], [ -118.212591150378117, 34.135769674444546 ] ] ] } },
{ "type": "Feature", "properties": { "beat_id": 79, "sector_id": 3 }, "geometry": { "type": "Polygon", "coordinates": [ [ [ -118.214782749976351, 34.069548496275779 ], [ -118.212588292017443, 34.073139954452095 ], [ -118.204872415762239, 34.075128523335742 ], [ -118.205092579700448, 34.069990223015211 ], [ -118.208676541573894, 34.067190775216744 ], [ -118.214721415164661, 34.06942193707593 ], [ -118.214782749976351, 34.069548496275779 ] ] ] } },
{ "type": "Feature", "properties": { "beat_id": 16, "sector_id": 7 }, "geometry": { "type": "Polygon", "coordinates": [ [ [ -118.207565181180669, 34.12825088203666 ], [ -118.207096543792304, 34.128140672665346 ], [ -118.209626154399359, 34.116352388984254 ], [ -118.218267510500056, 34.120111911642795 ], [ -118.217740081355245, 34.123743103093517 ], [ -118.207565181180669, 34.12825088203666 ] ] ] } },
{ "type": "Feature", "properties": { "beat_id": 202, "sector_id": 0 }, "geometry": { "type": "Polygon", "coordinates": [ [ [ -118.214243243361167, 34.054101811073174 ], [ -118.213122380879824, 34.053855103872571 ], [ -118.210442691118743, 34.049146542511401 ], [ -118.211345257916605, 34.047385362749409 ], [ -118.214062667837212, 34.046447403969403 ], [ -118.21757797063718, 34.049248914598635 ], [ -118.214243243361167, 34.054101811073174 ] ] ] } },
{ "type": "Feature", "properties": { "beat_id": 5, "sector_id": 3 }, "geometry": { "type": "Polygon", "coordinates": [ [ [ -118.217185257731984, 34.08334501475403 ], [ -118.211511394615414, 34.086933265097066 ], [ -118.206691194216873, 34.085963926029613 ], [ -118.208854323934247, 34.080027435585095 ], [ -118.213825080897806, 34.079399435047108 ], [ -118.217185257731984, 34.08334501475403 ] ] ] } },
{ "type": "Feature", "properties": { "beat_id": 126, "sector_id": 0 }, "geometry": { "type": "Polygon", "coordinates": [ [ [ -118.21180003750942, 34.03654170755695 ], [ -118.206251976588746, 34.03452091182892 ], [ -118.209747826498088, 34.028963763714039 ], [ -118.217194700015298, 34.031133674282884 ], [ -118.21180003750942, 34.03654170755695 ] ] ] } },
{ "type": "Feature", "properties": { "beat_id": 166, "sector_id": 3 }, "geometry": { "type": "Polygon", "coordinates": [ [ [ -118.214721415164661, 34.06942193707593 ], [ -118.208676541573894, 34.067190775216744 ], [ -118.207965437962571, 34.063848519648921 ], [ -118.209512683924544, 34.0617867355313 ], [ -118.219433327182486, 34.060159616721521 ], [ -118.214721415164661, 34.06942193707593 ] ] ] } },
{ "type": "Feature", "properties": { "beat_id": 67, "sector_id": 7 }, "geometry": { "type": "Polygon", "coordinates": [ [ [ -118.207096543792304, 34.128140672665346 ], [ -118.206812291591362, 34.128182552825947 ], [ -118.201550104933929, 34.126526999652036 ], [ -118.20120864929072, 34.11631292377664 ], [ -118.208909212797337, 34.115175592387885 ], [ -118.209626154399359, 34.116352388984254 ], [ -118.207096543792304, 34.128140672665346 ] ] ] } },
{ "type": "Feature", "properties": { "beat_id": 108, "sector_id": 0 }, "geometry": { "type": "Polygon", "coordinates": [ [ [ -118.214644273173178, 34.044452490333768 ], [ -118.214062667837212, 34.046447403969403 ], [ -118.211345257916605, 34.047385362749409 ], [ -118.207881347704586, 34.044943644047585 ], [ -118.208838092333167, 34.041958376372044 ], [ -118.210296053795489, 34.041460172091618 ], [ -118.214644273173178, 34.044452490333768 ] ] ] } },
{ "type": "Feature", "properties": { "beat_id": 73, "sector_id": 3 }, "geometry": { "type": "Polygon", "coordinates": [ [ [ -118.214160127853305, 34.09561812349682 ], [ -118.206064758345562, 34.093129369248977 ], [ -118.205841657915641, 34.086337282940363 ], [ -118.206691194216873, 34.085963926029613 ], [ -118.211511394615414, 34.086933265097066 ], [ -118.215959021813092, 34.091856702524829 ], [ -118.214160127853305, 34.09561812349682 ] ] ] } },
{ "type": "Feature", "properties": { "beat_id": 111, "sector_id": 3 }, "geometry": { "type": "Polygon", "coordinates": [ [ [ -118.213825080897806, 34.079399435047108 ], [ -118.208854323934247, 34.080027435585095 ], [ -118.204813396346495, 34.075207680816597 ], [ -118.204872415762239, 34.075128523335742 ], [ -118.212588292017443, 34.073139954452095 ], [ -118.215338893670662, 34.077273572082426 ], [ -118.213825080897806, 34.079399435047108 ] ] ] } },
{ "type": "Feature", "properties": { "beat_id": 89, "sector_id": 3 }, "geometry": { "type": "Polygon", "coordinates": [ [ [ -118.206691194216873, 34.085963926029613 ], [ -118.205841657915641, 34.086337282940363 ], [ -118.199816853897218, 34.085514325133886 ], [ -118.198317049727194, 34.082439411423685 ], [ -118.20027022933273, 34.076185089803296 ], [ -118.204813396346495, 34.075207680816597 ], [ -118.208854323934247, 34.080027435585095 ], [ -118.206691194216873, 34.085963926029613 ] ] ] } },
{ "type": "Feature", "properties": { "beat_id": 51, "sector_id": 0 }, "geometry": { "type": "Polygon", "coordinates": [ [ [ -118.212524836854982, 34.038053268942527 ], [ -118.210296053795489, 34.041460172091618 ], [ -118.208838092333167, 34.041958376372044 ], [ -118.204788687678771, 34.040210691141198 ], [ -118.204936044616616, 34.0351103020989 ], [ -118.205420160025781, 34.034726310029384 ], [ -118.206251976588746, 34.03452091182892 ], [ -118.21180003750942, 34.03654170755695 ], [ -118.212524836854982, 34.038053268942527 ] ] ] } },
{ "type": "Feature", "properties": { "beat_id": 3, "sector_id": 0 }, "geometry": { "type": "Polygon", "coordinates": [ [ [ -118.210442691118743, 34.049146542511401 ], [ -118.205248781132411, 34.050022022088612 ], [ -118.205032397830266, 34.046102715567351 ], [ -118.207881347704586, 34.044943644047585 ], [ -118.211345257916605, 34.047385362749409 ], [ -118.210442691118743, 34.049146542511401 ] ] ] } },
{ "type": "Feature", "properties": { "beat_id": 203, "sector_id": 0 }, "geometry": { "type": "Polygon", "coordinates": [ [ [ -118.213122380879824, 34.053855103872571 ], [ -118.206738938872704, 34.055285908539361 ], [ -118.204679517919317, 34.050729503768572 ], [ -118.205248781132411, 34.050022022088612 ], [ -118.210442691118743, 34.049146542511401 ], [ -118.213122380879824, 34.053855103872571 ] ] ] } },
{ "type": "Feature", "properties": { "beat_id": 187, "sector_id": 3 }, "geometry": { "type": "Polygon", "coordinates": [ [ [ -118.206070055392189, 34.102132652629471 ], [ -118.199174535819878, 34.097725750641672 ], [ -118.206064758345562, 34.093129369248977 ], [ -118.214160127853305, 34.09561812349682 ], [ -118.215466647888945, 34.100020730179551 ], [ -118.206070055392189, 34.102132652629471 ] ] ] } },
{ "type": "Feature", "properties": { "beat_id": 172, "sector_id": 3 }, "geometry": { "type": "Polygon", "coordinates": [ [ [ -118.207965437962571, 34.063848519648921 ], [ -118.199309196048063, 34.06327998994351 ], [ -118.201079527055441, 34.057717747160495 ], [ -118.205808183119615, 34.056619562831408 ], [ -118.209512683924544, 34.0617867355313 ], [ -118.207965437962571, 34.063848519648921 ] ] ] } },
{ "type": "Feature", "properties": { "beat_id": 223, "sector_id": 3 }, "geometry": { "type": "Polygon", "coordinates": [ [ [ -118.204813396346495, 34.075207680816597 ], [ -118.20027022933273, 34.076185089803296 ], [ -118.19330520589925, 34.072510966151633 ], [ -118.196684495622577, 34.065641630843466 ], [ -118.205092579700448, 34.069990223015211 ], [ -118.204872415762239, 34.075128523335742 ], [ -118.204813396346495, 34.075207680816597 ] ] ] } },
{ "type": "Feature", "properties": { "beat_id": 70, "sector_id": 0 }, "geometry": { "type": "Polygon", "coordinates": [ [ [ -118.204679517919317, 34.050729503768572 ], [ -118.199795207168947, 34.050578179385056 ], [ -118.198074741093606, 34.048622621133774 ], [ -118.201475615257849, 34.044438879808425 ], [ -118.205032397830266, 34.046102715567351 ], [ -118.205248781132411, 34.050022022088612 ], [ -118.204679517919317, 34.050729503768572 ] ] ] } },
{ "type": "Feature", "properties": { "beat_id": 20, "sector_id": 3 }, "geometry": { "type": "Polygon", "coordinates": [ [ [ -118.208676541573894, 34.067190775216744 ], [ -118.205092579700448, 34.069990223015211 ], [ -118.196684495622577, 34.065641630843466 ], [ -118.196656646059779, 34.065251616629112 ], [ -118.199309196048063, 34.06327998994351 ], [ -118.207965437962571, 34.063848519648921 ], [ -118.208676541573894, 34.067190775216744 ] ] ] } },
{ "type": "Feature", "properties": { "beat_id": 216, "sector_id": 0 }, "geometry": { "type": "Polygon", "coordinates": [ [ [ -118.207881347704586, 34.044943644047585 ], [ -118.205032397830266, 34.046102715567351 ], [ -118.201475615257849, 34.044438879808425 ], [ -118.200860012310599, 34.042504301836054 ], [ -118.204788687678771, 34.040210691141198 ], [ -118.208838092333167, 34.041958376372044 ], [ -118.207881347704586, 34.044943644047585 ] ] ] } },
{ "type": "Feature", "properties": { "beat_id": 171, "sector_id": 7 }, "geometry": { "type": "Polygon", "coordinates": [ [ [ -118.19777918046961, 34.115221195646889 ], [ -118.197175139012501, 34.111409183241811 ], [ -118.199886178547928, 34.108321894644135 ], [ -118.20507625589417, 34.107301348884839 ], [ -118.210121457431512, 34.11221016921494 ], [ -118.208909212797337, 34.115175592387885 ], [ -118.20120864929072, 34.11631292377664 ], [ -118.19777918046961, 34.115221195646889 ] ] ] } },
{ "type": "Feature", "properties": { "beat_id": 170, "sector_id": 7 }, "geometry": { "type": "Polygon", "coordinates": [ [ [ -118.20120864929072, 34.11631292377664 ], [ -118.201550104933929, 34.126526999652036 ], [ -118.197726494517539, 34.126681008010337 ], [ -118.19323285829735, 34.123047055410098 ], [ -118.194655183485096, 34.11686062218692 ], [ -118.19777918046961, 34.115221195646889 ], [ -118.20120864929072, 34.11631292377664 ] ] ] } },
{ "type": "Feature", "properties": { "beat_id": 181, "sector_id": 0 }, "geometry": { "type": "Polygon", "coordinates": [ [ [ -118.205808183119615, 34.056619562831408 ], [ -118.201079527055441, 34.057717747160495 ], [ -118.197811566137815, 34.055329499935645 ], [ -118.199795207168947, 34.050578179385056 ], [ -118.204679517919317, 34.050729503768572 ], [ -118.206738938872704, 34.055285908539361 ], [ -118.205808183119615, 34.056619562831408 ] ] ] } },
{ "type": "Feature", "properties": { "beat_id": 240, "sector_id": 0 }, "geometry": { "type": "Polygon", "coordinates": [ [ [ -118.204788687678771, 34.040210691141198 ], [ -118.200860012310599, 34.042504301836054 ], [ -118.19874630814374, 34.041573724339365 ], [ -118.197328049508613, 34.038292029971458 ], [ -118.200696850968271, 34.035510718714463 ], [ -118.204936044616616, 34.0351103020989 ], [ -118.204788687678771, 34.040210691141198 ] ] ] } },
{ "type": "Feature", "properties": { "beat_id": 140, "sector_id": 7 }, "geometry": { "type": "Polygon", "coordinates": [ [ [ -118.206812291591362, 34.128182552825947 ], [ -118.201805339331003, 34.137123048838625 ], [ -118.195520867668193, 34.136806332467614 ], [ -118.193899588502305, 34.130790327926995 ], [ -118.197726494517539, 34.126681008010337 ], [ -118.201550104933929, 34.126526999652036 ], [ -118.206812291591362, 34.128182552825947 ] ] ] } },
{ "type": "Feature", "properties": { "beat_id": 162, "sector_id": 3 }, "geometry": { "type": "Polygon", "coordinates": [ [ [ -118.206064758345562, 34.093129369248977 ], [ -118.199174535819878, 34.097725750641672 ], [ -118.195456642079137, 34.097509605408156 ], [ -118.193848067637987, 34.090799101036232 ], [ -118.199816853897218, 34.085514325133886 ], [ -118.205841657915641, 34.086337282940363 ], [ -118.206064758345562, 34.093129369248977 ] ] ] } },
{ "type": "Feature", "properties": { "beat_id": 45, "sector_id": 3 }, "geometry": { "type": "Polygon", "coordinates": [ [ [ -118.196656646059779, 34.065251616629112 ], [ -118.19057964685183, 34.061760631170081 ], [ -118.191373, 34.061761 ], [ -118.19167, 34.061761 ], [ -118.192538, 34.061762 ], [ -118.192625, 34.061762 ], [ -118.192625, 34.061732 ], [ -118.192617, 34.060822 ], [ -118.192617, 34.060765 ], [ -118.192611, 34.060034 ], [ -118.192607, 34.05963 ], [ -118.19259, 34.057715 ], [ -118.192589, 34.057575 ], [ -118.192587, 34.057265 ], [ -118.192581, 34.056505 ], [ -118.19258, 34.056397 ], [ -118.192577, 34.056162 ], [ -118.192574, 34.055881 ], [ -118.192573, 34.0558 ], [ -118.192571, 34.055562 ], [ -118.192570481915652, 34.055495685277819 ], [ -118.197811566137815, 34.055329499935645 ], [ -118.201079527055441, 34.057717747160495 ], [ -118.199309196048063, 34.06327998994351 ], [ -118.196656646059779, 34.065251616629112 ] ] ] } },
{ "type": "Feature", "properties": { "beat_id": 36, "sector_id": 7 }, "geometry": { "type": "Polygon", "coordinates": [ [ [ -118.20507625589417, 34.107301348884839 ], [ -118.199886178547928, 34.108321894644135 ], [ -118.193249887548845, 34.099608143179722 ], [ -118.19340852475915, 34.099272352997993 ], [ -118.195456642079137, 34.097509605408156 ], [ -118.199174535819878, 34.097725750641672 ], [ -118.206070055392189, 34.102132652629471 ], [ -118.20507625589417, 34.107301348884839 ] ] ] } },
{ "type": "Feature", "properties": { "beat_id": 174, "sector_id": 0 }, "geometry": { "type": "Polygon", "coordinates": [ [ [ -118.198074741093606, 34.048622621133774 ], [ -118.192503220099624, 34.047717355064442 ], [ -118.192499, 34.047244 ], [ -118.192489, 34.046081 ], [ -118.19248, 34.04507 ], [ -118.192475257922311, 34.044565233523137 ], [ -118.19874630814374, 34.041573724339365 ], [ -118.200860012310599, 34.042504301836054 ], [ -118.201475615257849, 34.044438879808425 ], [ -118.198074741093606, 34.048622621133774 ] ] ] } },
{ "type": "Feature", "properties": { "beat_id": 14, "sector_id": 0 }, "geometry": { "type": "Polygon", "coordinates": [ [ [ -118.204936044616616, 34.0351103020989 ], [ -118.200696850968271, 34.035510718714463 ], [ -118.197121525725294, 34.031985848113926 ], [ -118.196827324432405, 34.030422187103269 ], [ -118.201326297468, 34.029118491186694 ], [ -118.205420160025781, 34.034726310029384 ], [ -118.204936044616616, 34.0351103020989 ] ] ] } },
{ "type": "Feature", "properties": { "beat_id": 163, "sector_id": 7 }, "geometry": { "type": "Polygon", "coordinates": [ [ [ -118.197175139012501, 34.111409183241811 ], [ -118.189907670540578, 34.108159280419542 ], [ -118.190395457610606, 34.102450119342059 ], [ -118.193249887548845, 34.099608143179722 ], [ -118.199886178547928, 34.108321894644135 ], [ -118.197175139012501, 34.111409183241811 ] ] ] } },
{ "type": "Feature", "properties": { "beat_id": 131, "sector_id": 3 }, "geometry": { "type": "Polygon", "coordinates": [ [ [ -118.198317049727194, 34.082439411423685 ], [ -118.189406283895522, 34.080683511133927 ], [ -118.187473269434136, 34.075997855945573 ], [ -118.188606112633124, 34.073911345286717 ], [ -118.19330520589925, 34.072510966151633 ], [ -118.20027022933273, 34.076185089803296 ], [ -118.198317049727194, 34.082439411423685 ] ] ] } },
{ "type": "Feature", "properties": { "beat_id": 90, "sector_id": 0 }, "geometry": { "type": "Polygon", "coordinates": [ [ [ -118.197328049508613, 34.038292029971458 ], [ -118.192746422043953, 34.037019515792245 ], [ -118.197121525725294, 34.031985848113926 ], [ -118.200696850968271, 34.035510718714463 ], [ -118.197328049508613, 34.038292029971458 ] ] ] } },
{ "type": "Feature", "properties": { "beat_id": 200, "sector_id": 9 }, "geometry": { "type": "Polygon", "coordinates": [ [ [ -118.19340852475915, 34.099272352997993 ], [ -118.178793717181208, 34.094033684948201 ], [ -118.182316950591769, 34.090232061899947 ], [ -118.192730775673766, 34.090282788022826 ], [ -118.193848067637987, 34.090799101036232 ], [ -118.195456642079137, 34.097509605408156 ], [ -118.19340852475915, 34.099272352997993 ] ] ] } },
{ "type": "Feature", "properties": { "beat_id": 123, "sector_id": 0 }, "geometry": { "type": "Polygon", "coordinates": [ [ [ -118.199795207168947, 34.050578179385056 ], [ -118.197811566137815, 34.055329499935645 ], [ -118.192570481915652, 34.055495685277819 ], [ -118.192569, 34.055306 ], [ -118.192564, 34.054762 ], [ -118.192557, 34.053907 ], [ -118.192542, 34.052452 ], [ -118.192542, 34.052358 ], [ -118.192541, 34.052083 ], [ -118.192538, 34.05176 ], [ -118.192528, 34.050577 ], [ -118.192526, 34.050376 ], [ -118.192523, 34.050042 ], [ -118.192515, 34.049093 ], [ -118.19251, 34.048509 ], [ -118.192508, 34.048224 ], [ -118.192507, 34.048141 ], [ -118.192505, 34.047917 ], [ -118.192503220099624, 34.047717355064442 ], [ -118.198074741093606, 34.048622621133774 ], [ -118.199795207168947, 34.050578179385056 ] ] ] } },
{ "type": "Feature", "properties": { "beat_id": 66, "sector_id": 9 }, "geometry": { "type": "Polygon", "coordinates": [ [ [ -118.199816853897218, 34.085514325133886 ], [ -118.193848067637987, 34.090799101036232 ], [ -118.192730775673766, 34.090282788022826 ], [ -118.188365933711879, 34.083197889237596 ], [ -118.189406283895522, 34.080683511133927 ], [ -118.198317049727194, 34.082439411423685 ], [ -118.199816853897218, 34.085514325133886 ] ] ] } },
{ "type": "Feature", "properties": { "beat_id": 42, "sector_id": 7 }, "geometry": { "type": "Polygon", "coordinates": [ [ [ -118.19393410376658, 34.138033836343062 ], [ -118.185799037053982, 34.136392623474102 ], [ -118.185887, 34.136183 ], [ -118.185735, 34.136201 ], [ -118.185548, 34.136126 ], [ -118.185206, 34.136068 ], [ -118.18536, 34.13543 ], [ -118.185531, 34.134726 ], [ -118.185982, 34.133935 ], [ -118.18604, 34.133833 ], [ -118.186097, 34.133732 ], [ -118.18594, 34.133611 ], [ -118.185479, 34.133257 ], [ -118.184421, 34.132443 ], [ -118.183688, 34.131881 ], [ -118.183645, 34.131847 ], [ -118.182817, 34.131211 ], [ -118.1828271853378, 34.130585990819547 ], [ -118.193899588502305, 34.130790327926995 ], [ -118.195520867668193, 34.136806332467614 ], [ -118.19393410376658, 34.138033836343062 ] ] ] } },
{ "type": "Feature", "properties": { "beat_id": 241, "sector_id": 7 }, "geometry": { "type": "Polygon", "coordinates": [ [ [ -118.197726494517539, 34.126681008010337 ], [ -118.193899588502305, 34.130790327926995 ], [ -118.1828271853378, 34.130585990819547 ], [ -118.182828, 34.130536 ], [ -118.18284, 34.12975 ], [ -118.182824, 34.129716 ], [ -118.182801, 34.129666 ], [ -118.18258, 34.129186 ], [ -118.182403991702458, 34.129230286028857 ], [ -118.187520556987181, 34.123458969598126 ], [ -118.19323285829735, 34.123047055410098 ], [ -118.197726494517539, 34.126681008010337 ] ] ] } },
{ "type": "Feature", "properties": { "beat_id": 88, "sector_id": 3 }, "geometry": { "type": "Polygon", "coordinates": [ [ [ -118.196684495622577, 34.065641630843466 ], [ -118.19330520589925, 34.072510966151633 ], [ -118.188606112633124, 34.073911345286717 ], [ -118.183305808925752, 34.068680425718178 ], [ -118.186065475913821, 34.061757740498159 ], [ -118.189222, 34.06176 ], [ -118.19057964685183, 34.061760631170081 ], [ -118.196656646059779, 34.065251616629112 ], [ -118.196684495622577, 34.065641630843466 ] ] ] } },
{ "type": "Feature", "properties": { "beat_id": 217, "sector_id": 0 }, "geometry": { "type": "Polygon", "coordinates": [ [ [ -118.196827324432405, 34.030422187103269 ], [ -118.197121525725294, 34.031985848113926 ], [ -118.192746422043953, 34.037019515792245 ], [ -118.192419107670759, 34.037034791913285 ], [ -118.192401, 34.035977 ], [ -118.192391, 34.034864 ], [ -118.192384, 34.034002 ], [ -118.191919, 34.034004 ], [ -118.191841, 34.034004 ], [ -118.191846, 34.034412 ], [ -118.191846, 34.034416 ], [ -118.191401, 34.034418 ], [ -118.191294, 34.034417 ], [ -118.191291, 34.034417 ], [ -118.191269, 34.033613 ], [ -118.191286, 34.033274 ], [ -118.191307, 34.033274 ], [ -118.192241, 34.033252 ], [ -118.19234, 34.033238 ], [ -118.192377, 34.033233 ], [ -118.192368, 34.032248 ], [ -118.192368, 34.032232 ], [ -118.192366, 34.03197 ], [ -118.19236, 34.031362 ], [ -118.192359, 34.031161 ], [ -118.192358, 34.031146 ], [ -118.192356, 34.030886 ], [ -118.192351, 34.03026 ], [ -118.192348, 34.029993 ], [ -118.192348, 34.029945 ], [ -118.192342, 34.029281 ], [ -118.192342, 34.029267 ], [ -118.192339, 34.028922 ], [ -118.192337, 34.028648 ], [ -118.192335, 34.028472 ], [ -118.192334, 34.028276 ], [ -118.192332810298936, 34.028148702130515 ], [ -118.196827324432405, 34.030422187103269 ] ] ] } },
{ "type": "Feature", "properties": { "beat_id": 224, "sector_id": 0 }, "geometry": { "type": "Polygon", "coordinates": [ [ [ -118.19874630814374, 34.041573724339365 ], [ -118.192475257922311, 34.044565233523137 ], [ -118.192471, 34.044112 ], [ -118.192505, 34.044111 ], [ -118.192556, 34.04411 ], [ -118.192534, 34.043575 ], [ -118.192526, 34.043387 ], [ -118.192522, 34.043158 ], [ -118.192519, 34.042928 ], [ -118.192516, 34.04271 ], [ -118.192512, 34.042493 ], [ -118.192511, 34.042432 ], [ -118.192504, 34.042012 ], [ -118.192491, 34.04118 ], [ -118.192479, 34.040466 ], [ -118.192472, 34.040011 ], [ -118.192466, 34.039687 ], [ -118.192448, 34.038715 ], [ -118.192446, 34.038577 ], [ -118.192437, 34.038075 ], [ -118.192425, 34.037379 ], [ -118.192419107670759, 34.037034791913285 ], [ -118.192746422043953, 34.037019515792245 ], [ -118.197328049508613, 34.038292029971458 ], [ -118.19874630814374, 34.041573724339365 ] ] ] } },
{ "type": "Feature", "properties": { "beat_id": 28, "sector_id": 7 }, "geometry": { "type": "Polygon", "coordinates": [ [ [ -118.19777918046961, 34.115221195646889 ], [ -118.194655183485096, 34.11686062218692 ], [ -118.187640239643017, 34.115173106607493 ], [ -118.186313135864168, 34.111236508926645 ], [ -118.189907670540578, 34.108159280419542 ], [ -118.197175139012501, 34.111409183241811 ], [ -118.19777918046961, 34.115221195646889 ] ] ] } },
{ "type": "Feature", "properties": { "beat_id": 75, "sector_id": 9 }, "geometry": { "type": "Polygon", "coordinates": [ [ [ -118.183305808925752, 34.068680425718178 ], [ -118.179698060388333, 34.068886966546984 ], [ -118.170388137687794, 34.062289158234741 ], [ -118.170569, 34.062289 ], [ -118.170715, 34.062289 ], [ -118.170955, 34.06229 ], [ -118.171059, 34.06229 ], [ -118.171387, 34.06229 ], [ -118.171628, 34.062214 ], [ -118.172831, 34.061832 ], [ -118.172832, 34.061833 ], [ -118.172899, 34.061935 ], [ -118.173023, 34.062121 ], [ -118.173025, 34.06212 ], [ -118.17323, 34.062026 ], [ -118.173318, 34.061985 ], [ -118.173319, 34.061986 ], [ -118.173394, 34.062099 ], [ -118.173162, 34.062235 ], [ -118.173064, 34.062292 ], [ -118.173068, 34.062292 ], [ -118.173686, 34.062293 ], [ -118.174229, 34.062294 ], [ -118.176053, 34.062296 ], [ -118.17616, 34.062277 ], [ -118.176633, 34.062274 ], [ -118.17689, 34.062281 ], [ -118.177092, 34.062296 ], [ -118.177732, 34.062299 ], [ -118.178205, 34.062298 ], [ -118.179078, 34.062297 ], [ -118.179064, 34.062236 ], [ -118.179822, 34.062244 ], [ -118.181051, 34.062248 ], [ -118.181302, 34.062249 ], [ -118.181303, 34.061808 ], [ -118.181303, 34.061754 ], [ -118.18374, 34.061756 ], [ -118.183785, 34.06175 ], [ -118.184401, 34.061716 ], [ -118.184467, 34.061712 ], [ -118.184872, 34.061717 ], [ -118.184874, 34.061717 ], [ -118.18503, 34.061757 ], [ -118.185031, 34.061757 ], [ -118.186065475913821, 34.061757740498159 ], [ -118.183305808925752, 34.068680425718178 ] ] ] } },
{ "type": "Feature", "properties": { "beat_id": 144, "sector_id": 7 }, "geometry": { "type": "Polygon", "coordinates": [ [ [ -118.194655183485096, 34.11686062218692 ], [ -118.19323285829735, 34.123047055410098 ], [ -118.187520556987181, 34.123458969598126 ], [ -118.184652693773657, 34.118531306300653 ], [ -118.187640239643017, 34.115173106607493 ], [ -118.194655183485096, 34.11686062218692 ] ] ] } },
{ "type": "Feature", "properties": { "beat_id": 139, "sector_id": 9 }, "geometry": { "type": "Polygon", "coordinates": [ [ [ -118.193249887548845, 34.099608143179722 ], [ -118.190395457610606, 34.102450119342059 ], [ -118.177994391480794, 34.103258404072854 ], [ -118.177994, 34.102753 ], [ -118.177994, 34.101992 ], [ -118.177996, 34.101921 ], [ -118.177994, 34.101271 ], [ -118.177995, 34.099352 ], [ -118.177996, 34.098728 ], [ -118.177994, 34.098609 ], [ -118.177994, 34.098595 ], [ -118.176719, 34.098606 ], [ -118.176355, 34.098609 ], [ -118.175385, 34.098617 ], [ -118.174042, 34.098628 ], [ -118.173386, 34.098632 ], [ -118.172892406299155, 34.098636452520559 ], [ -118.173429419337083, 34.096777652104414 ], [ -118.174366504509194, 34.095743843011611 ], [ -118.178793717181208, 34.094033684948201 ], [ -118.19340852475915, 34.099272352997993 ], [ -118.193249887548845, 34.099608143179722 ] ] ] } },
{ "type": "Feature", "properties": { "beat_id": 40, "sector_id": 7 }, "geometry": { "type": "Polygon", "coordinates": [ [ [ -118.178961977410097, 34.118542100003019 ], [ -118.184652693773657, 34.118531306300653 ], [ -118.187520556987181, 34.123458969598126 ], [ -118.182403991702458, 34.129230286028857 ], [ -118.18134, 34.129498 ], [ -118.181414, 34.12852 ], [ -118.181468, 34.128196 ], [ -118.181495, 34.12803 ], [ -118.181113, 34.128264 ], [ -118.181078, 34.128286 ], [ -118.180896, 34.128331 ], [ -118.180467, 34.127169 ], [ -118.180193, 34.126425 ], [ -118.179196, 34.126608 ], [ -118.179152, 34.126616 ], [ -118.178583, 34.12672 ], [ -118.178511, 34.126714 ], [ -118.177833, 34.126658 ], [ -118.177796, 34.126877 ], [ -118.177694, 34.126811 ], [ -118.176541, 34.126624 ], [ -118.176651, 34.125645 ], [ -118.176699, 34.125224 ], [ -118.176705, 34.12518 ], [ -118.176757, 34.1248 ], [ -118.176816, 34.124303 ], [ -118.176955, 34.123141 ], [ -118.176902, 34.123139 ], [ -118.176831, 34.123136 ], [ -118.176603, 34.123229 ], [ -118.176219500093097, 34.123384506512096 ], [ -118.178961977410097, 34.118542100003019 ] ] ] } },
{ "type": "Feature", "properties": { "beat_id": 138, "sector_id": 7 }, "geometry": { "type": "Polygon", "coordinates": [ [ [ -118.19393410376658, 34.138033836343062 ], [ -118.191837748627066, 34.149047216293887 ], [ -118.190409, 34.149049 ], [ -118.188512, 34.148939 ], [ -118.18392, 34.148673 ], [ -118.183884, 34.148591 ], [ -118.183869, 34.148557 ], [ -118.184014, 34.147596 ], [ -118.184213, 34.14628 ], [ -118.184384, 34.145847 ], [ -118.184464, 34.145646 ], [ -118.184537, 34.145462 ], [ -118.184561, 34.145401 ], [ -118.184264, 34.145182 ], [ -118.183708, 34.144772 ], [ -118.183493, 34.144613 ], [ -118.182435, 34.143955 ], [ -118.18243, 34.143829 ], [ -118.182413, 34.143816 ], [ -118.182301, 34.143734 ], [ -118.182308, 34.143578 ], [ -118.182313, 34.14347 ], [ -118.18218, 34.143397 ], [ -118.182185, 34.143353 ], [ -118.182197, 34.143264 ], [ -118.182206, 34.143061 ], [ -118.181164, 34.142199 ], [ -118.180908, 34.141834 ], [ -118.180839, 34.141588 ], [ -118.180788, 34.141408 ], [ -118.180757, 34.1413 ], [ -118.180646, 34.141202 ], [ -118.180513, 34.141129 ], [ -118.180082, 34.141091 ], [ -118.18009, 34.140983 ], [ -118.180097, 34.140881 ], [ -118.180198, 34.140818 ], [ -118.180766, 34.140713 ], [ -118.180979, 34.14073 ], [ -118.18115, 34.140743 ], [ -118.181289, 34.140763 ], [ -118.181956, 34.140636 ], [ -118.182272, 34.140477 ], [ -118.182603, 34.140443 ], [ -118.182808, 34.140341 ], [ -118.183128, 34.14026 ], [ -118.183608, 34.139845 ], [ -118.18379, 34.139688 ], [ -118.184029, 34.139601 ], [ -118.184342, 34.139407 ], [ -118.184533, 34.139365 ], [ -118.184893, 34.139553 ], [ -118.185326, 34.139364 ], [ -118.185683, 34.139033 ], [ -118.185678, 34.138875 ], [ -118.185672, 34.138854 ], [ -118.185395, 34.138841 ], [ -118.185406, 34.138804 ], [ -118.185468, 34.138602 ], [ -118.185516, 34.138573 ], [ -118.185526, 34.138566 ], [ -118.185526, 34.138557 ], [ -118.185525, 34.138136 ], [ -118.185524, 34.137335 ], [ -118.185796, 34.137368 ], [ -118.185755, 34.137107 ], [ -118.185686, 34.136662 ], [ -118.185799037053982, 34.136392623474102 ], [ -118.19393410376658, 34.138033836343062 ] ] ] } },
{ "type": "Feature", "properties": { "beat_id": 7, "sector_id": 7 }, "geometry": { "type": "Polygon", "coordinates": [ [ [ -118.189907670540578, 34.108159280419542 ], [ -118.186313135864168, 34.111236508926645 ], [ -118.177995, 34.109677265616085 ], [ -118.177995, 34.109524 ], [ -118.177995, 34.108898 ], [ -118.177995, 34.1077 ], [ -118.177995, 34.106764 ], [ -118.177994, 34.105112 ], [ -118.177995, 34.104044 ], [ -118.177994391480794, 34.103258404072854 ], [ -118.190395457610606, 34.102450119342059 ], [ -118.189907670540578, 34.108159280419542 ] ] ] } },
{ "type": "Feature", "properties": { "beat_id": 194, "sector_id": 9 }, "geometry": { "type": "Polygon", "coordinates": [ [ [ -118.188365933711879, 34.083197889237596 ], [ -118.181886596995355, 34.08567399504885 ], [ -118.179734942765464, 34.083989568592244 ], [ -118.179352355170749, 34.078412264155041 ], [ -118.187473269434136, 34.075997855945573 ], [ -118.189406283895522, 34.080683511133927 ], [ -118.188365933711879, 34.083197889237596 ] ] ] } },
{ "type": "Feature", "properties": { "beat_id": 231, "sector_id": 9 }, "geometry": { "type": "Polygon", "coordinates": [ [ [ -118.187473269434136, 34.075997855945573 ], [ -118.179352355170749, 34.078412264155041 ], [ -118.176898574018551, 34.077450336492028 ], [ -118.175424850524692, 34.073357852651782 ], [ -118.179698060388333, 34.068886966546984 ], [ -118.183305808925752, 34.068680425718178 ], [ -118.188606112633124, 34.073911345286717 ], [ -118.187473269434136, 34.075997855945573 ] ] ] } },
{ "type": "Feature", "properties": { "beat_id": 19, "sector_id": 9 }, "geometry": { "type": "Polygon", "coordinates": [ [ [ -118.192730775673766, 34.090282788022826 ], [ -118.182316950591769, 34.090232061899947 ], [ -118.181886596995355, 34.08567399504885 ], [ -118.188365933711879, 34.083197889237596 ], [ -118.192730775673766, 34.090282788022826 ] ] ] } },
{ "type": "Feature", "properties": { "beat_id": 168, "sector_id": 7 }, "geometry": { "type": "Polygon", "coordinates": [ [ [ -118.178961977410097, 34.118542100003019 ], [ -118.176219500093097, 34.123384506512096 ], [ -118.175984, 34.12348 ], [ -118.175329, 34.123746 ], [ -118.174912, 34.123915 ], [ -118.173859, 34.124343 ], [ -118.172885, 34.124738 ], [ -118.172804, 34.124771 ], [ -118.172865, 34.125045 ], [ -118.173001, 34.12565 ], [ -118.172997, 34.125734 ], [ -118.172936, 34.125813 ], [ -118.172832, 34.12584 ], [ -118.172726, 34.125829 ], [ -118.172659, 34.125822 ], [ -118.172539, 34.125787 ], [ -118.172528, 34.125828 ], [ -118.172495, 34.125894 ], [ -118.172491, 34.125903 ], [ -118.17244, 34.125972 ], [ -118.172375, 34.126032 ], [ -118.172299, 34.126082 ], [ -118.172204, 34.126123 ], [ -118.17213, 34.126143 ], [ -118.172038, 34.126163 ], [ -118.171538, 34.126268 ], [ -118.171417, 34.126308 ], [ -118.171303, 34.126359 ], [ -118.171197, 34.126422 ], [ -118.171116, 34.126482 ], [ -118.171021, 34.12656 ], [ -118.170718, 34.12681 ], [ -118.170631, 34.126863 ], [ -118.170536, 34.126903 ], [ -118.170434, 34.126931 ], [ -118.170328, 34.126945 ], [ -118.170214, 34.126944 ], [ -118.170062, 34.126928 ], [ -118.169888, 34.126893 ], [ -118.169768, 34.126857 ], [ -118.169652, 34.126813 ], [ -118.169519, 34.126749 ], [ -118.169395, 34.126673 ], [ -118.1692, 34.126544 ], [ -118.1691, 34.126492 ], [ -118.168977, 34.126446 ], [ -118.168873, 34.12642 ], [ -118.168467, 34.126335 ], [ -118.168404, 34.126317 ], [ -118.168314, 34.126292 ], [ -118.168167, 34.126238 ], [ -118.167998, 34.126159 ], [ -118.167896, 34.126107 ], [ -118.167768, 34.126058 ], [ -118.167651, 34.126029 ], [ -118.167607, 34.126019 ], [ -118.167501, 34.125996 ], [ -118.167371, 34.125952 ], [ -118.167221, 34.125885 ], [ -118.167184, 34.125881 ], [ -118.167144, 34.12589 ], [ -118.166912, 34.125981 ], [ -118.16677, 34.126037 ], [ -118.166459, 34.126159 ], [ -118.166366, 34.126175 ], [ -118.166281, 34.126174 ], [ -118.16608, 34.126218 ], [ -118.165867, 34.126238 ], [ -118.165767, 34.126018 ], [ -118.165649, 34.125693 ], [ -118.165629, 34.125613 ], [ -118.165617, 34.125517 ], [ -118.165587, 34.125467 ], [ -118.165733, 34.12541 ], [ -118.165832, 34.125374 ], [ -118.16593, 34.125337 ], [ -118.165942, 34.125327 ], [ -118.166382, 34.125015 ], [ -118.166705, 34.124877 ], [ -118.167213, 34.124656 ], [ -118.167312, 34.124675 ], [ -118.167792, 34.124767 ], [ -118.168262, 34.124302 ], [ -118.168386, 34.124051 ], [ -118.168454, 34.123914 ], [ -118.168141, 34.123921 ], [ -118.168131, 34.123921 ], [ -118.168053, 34.123923 ], [ -118.168057, 34.123867 ], [ -118.168056, 34.123836 ], [ -118.168051, 34.123617 ], [ -118.168039, 34.123112 ], [ -118.167952, 34.122817 ], [ -118.167804, 34.12229 ], [ -118.167666, 34.121797 ], [ -118.16757, 34.121456 ], [ -118.167609, 34.121375 ], [ -118.167817, 34.120937 ], [ -118.167884, 34.120795 ], [ -118.167948, 34.120699 ], [ -118.168289, 34.120183 ], [ -118.168668, 34.12002 ], [ -118.16889, 34.119924 ], [ -118.168999, 34.119341 ], [ -118.168947, 34.119132 ], [ -118.168833, 34.118668 ], [ -118.168851, 34.118216 ], [ -118.168866, 34.117843 ], [ -118.169013, 34.117692 ], [ -118.16916, 34.117541 ], [ -118.169192, 34.117507 ], [ -118.169272, 34.117426 ], [ -118.169731, 34.116955 ], [ -118.169909, 34.116772 ], [ -118.170118, 34.116552 ], [ -118.170181, 34.116487 ], [ -118.170531, 34.116126 ], [ -118.170935, 34.11571 ], [ -118.170937, 34.115708 ], [ -118.171326, 34.115307 ], [ -118.171468, 34.115122 ], [ -118.171565, 34.115057 ], [ -118.171672, 34.114909 ], [ -118.17188, 34.114621 ], [ -118.172212, 34.114185 ], [ -118.17227, 34.114116 ], [ -118.172337, 34.114044 ], [ -118.172364, 34.114003 ], [ -118.172484, 34.11386 ], [ -118.172648, 34.113721 ], [ -118.172758, 34.113627 ], [ -118.17298, 34.113535 ], [ -118.173042, 34.11351 ], [ -118.173328, 34.113479 ], [ -118.173689, 34.11344 ], [ -118.174693, 34.113336 ], [ -118.174766, 34.113322 ], [ -118.174872, 34.113302 ], [ -118.174977, 34.113281 ], [ -118.175422, 34.113251 ], [ -118.175447461477475, 34.113178252933189 ], [ -118.178961977410097, 34.118542100003019 ] ] ] } },
{ "type": "Feature", "properties": { "beat_id": 209, "sector_id": 9 }, "geometry": { "type": "Polygon", "coordinates": [ [ [ -118.182316950591769, 34.090232061899947 ], [ -118.178793717181208, 34.094033684948201 ], [ -118.174366504509194, 34.095743843011611 ], [ -118.171934898037321, 34.085968855081624 ], [ -118.179734942765464, 34.083989568592244 ], [ -118.181886596995355, 34.08567399504885 ], [ -118.182316950591769, 34.090232061899947 ] ] ] } },
{ "type": "Feature", "properties": { "beat_id": 80, "sector_id": 7 }, "geometry": { "type": "Polygon", "coordinates": [ [ [ -118.187640239643017, 34.115173106607493 ], [ -118.184652693773657, 34.118531306300653 ], [ -118.178961977410097, 34.118542100003019 ], [ -118.175447461477475, 34.113178252933189 ], [ -118.175457, 34.113151 ], [ -118.175469, 34.113118 ], [ -118.175551, 34.112871 ], [ -118.175631, 34.112627 ], [ -118.175705, 34.112603 ], [ -118.175717, 34.112599 ], [ -118.175876, 34.112549 ], [ -118.17595, 34.112526 ], [ -118.175823, 34.112434 ], [ -118.175535, 34.112224 ], [ -118.175586, 34.112237 ], [ -118.176912, 34.112224 ], [ -118.176921, 34.112221 ], [ -118.176993, 34.112198 ], [ -118.176938, 34.112126 ], [ -118.176886, 34.112057 ], [ -118.176921, 34.111773 ], [ -118.17697, 34.111384 ], [ -118.177018, 34.110994 ], [ -118.177021, 34.110928 ], [ -118.177126, 34.110897 ], [ -118.177333, 34.110847 ], [ -118.177207, 34.110392 ], [ -118.177662, 34.1103 ], [ -118.177995, 34.110244 ], [ -118.177995, 34.109677265616085 ], [ -118.186313135864168, 34.111236508926645 ], [ -118.187640239643017, 34.115173106607493 ] ] ] } },
{ "type": "Feature", "properties": { "beat_id": 101, "sector_id": 9 }, "geometry": { "type": "Polygon", "coordinates": [ [ [ -118.169918760108558, 34.084486255173459 ], [ -118.17058687630518, 34.080023047186664 ], [ -118.176898574018551, 34.077450336492028 ], [ -118.179352355170749, 34.078412264155041 ], [ -118.179734942765464, 34.083989568592244 ], [ -118.171934898037321, 34.085968855081624 ], [ -118.169918760108558, 34.084486255173459 ] ] ] } },
{ "type": "Feature", "properties": { "beat_id": 41, "sector_id": 9 }, "geometry": { "type": "Polygon", "coordinates": [ [ [ -118.171934898037321, 34.085968855081624 ], [ -118.174366504509194, 34.095743843011611 ], [ -118.173429419337083, 34.096777652104414 ], [ -118.160547552480821, 34.089329218202138 ], [ -118.160544, 34.08889 ], [ -118.160524427256192, 34.086402305063615 ], [ -118.169918760108558, 34.084486255173459 ], [ -118.171934898037321, 34.085968855081624 ] ] ] } },
{ "type": "Feature", "properties": { "beat_id": 161, "sector_id": 9 }, "geometry": { "type": "Polygon", "coordinates": [ [ [ -118.173429419337083, 34.096777652104414 ], [ -118.172892406299155, 34.098636452520559 ], [ -118.17261, 34.098639 ], [ -118.170495, 34.098655 ], [ -118.16945, 34.098663 ], [ -118.169279, 34.098665 ], [ -118.168415, 34.098662 ], [ -118.167953, 34.098661 ], [ -118.167772, 34.098665 ], [ -118.16639, 34.098669 ], [ -118.166061, 34.09867 ], [ -118.164361, 34.09867 ], [ -118.162704, 34.09867 ], [ -118.162182, 34.09867 ], [ -118.161373, 34.098669 ], [ -118.160499, 34.098669 ], [ -118.160267, 34.098586 ], [ -118.160266, 34.098669 ], [ -118.159129, 34.09867 ], [ -118.158563, 34.09867 ], [ -118.157951, 34.09867 ], [ -118.156778, 34.09867 ], [ -118.156704, 34.09867 ], [ -118.155358, 34.09867 ], [ -118.15529, 34.098672 ], [ -118.155289, 34.098627 ], [ -118.155292, 34.098576 ], [ -118.155321, 34.098138 ], [ -118.155356, 34.097862 ], [ -118.155463, 34.097515 ], [ -118.155481, 34.09748 ], [ -118.155652, 34.097156 ], [ -118.155885, 34.096823 ], [ -118.156153, 34.096543 ], [ -118.156191, 34.096508 ], [ -118.15628, 34.096427 ], [ -118.156355, 34.096376 ], [ -118.15645, 34.096312 ], [ -118.156483, 34.096293 ], [ -118.156838, 34.096094 ], [ -118.157925, 34.095335 ], [ -118.158035, 34.095241 ], [ -118.158297, 34.095018 ], [ -118.158801, 34.094645 ], [ -118.158823, 34.094628 ], [ -118.158904, 34.094574 ], [ -118.159358, 34.09427 ], [ -118.159498, 34.094171 ], [ -118.159493, 34.094183 ], [ -118.159353, 34.09453 ], [ -118.160008, 34.094092 ], [ -118.160136, 34.093997 ], [ -118.160337, 34.093888 ], [ -118.160474, 34.093836 ], [ -118.160656, 34.093752 ], [ -118.160673, 34.093741 ], [ -118.160661, 34.093495 ], [ -118.16066, 34.093441 ], [ -118.160659, 34.0934 ], [ -118.160657, 34.093315 ], [ -118.160645, 34.092694 ], [ -118.160629, 34.092017 ], [ -118.160628, 34.091949 ], [ -118.160611, 34.09124 ], [ -118.16061, 34.091174 ], [ -118.160607, 34.090782 ], [ -118.160604, 34.090407 ], [ -118.160582, 34.090337 ], [ -118.160555, 34.09025 ], [ -118.160547552480821, 34.089329218202138 ], [ -118.173429419337083, 34.096777652104414 ] ] ] } },
{ "type": "Feature", "properties": { "beat_id": 10, "sector_id": 9 }, "geometry": { "type": "Polygon", "coordinates": [ [ [ -118.169685831773606, 34.07155855544093 ], [ -118.16652680030505, 34.076992212880349 ], [ -118.160510031795837, 34.077302287753497 ], [ -118.160493, 34.075518 ], [ -118.160492, 34.075423 ], [ -118.160493, 34.075315 ], [ -118.160496, 34.075131 ], [ -118.16072, 34.075043 ], [ -118.160798, 34.075028 ], [ -118.161269, 34.074875 ], [ -118.161432, 34.074808 ], [ -118.161612, 34.07472 ], [ -118.161761, 34.074635 ], [ -118.161694, 34.07413 ], [ -118.161626, 34.073502 ], [ -118.161612, 34.073483 ], [ -118.161562, 34.072971 ], [ -118.161562, 34.072821 ], [ -118.161581, 34.072672 ], [ -118.161619, 34.072526 ], [ -118.161694, 34.072334 ], [ -118.16173, 34.072201 ], [ -118.161746, 34.072066 ], [ -118.161734, 34.071872 ], [ -118.161717, 34.071793 ], [ -118.16179, 34.071704 ], [ -118.163319, 34.069848 ], [ -118.163346, 34.069797 ], [ -118.163371, 34.069747 ], [ -118.16337, 34.069747 ], [ -118.163105, 34.069745 ], [ -118.163073, 34.069732 ], [ -118.162964, 34.0697 ], [ -118.162854, 34.069702 ], [ -118.16266, 34.069695 ], [ -118.162278, 34.069682 ], [ -118.162032, 34.069674 ], [ -118.162263, 34.069218 ], [ -118.162606, 34.068541 ], [ -118.162823, 34.068112 ], [ -118.164011, 34.065712 ], [ -118.164101, 34.065457 ], [ -118.164433, 34.064506 ], [ -118.164591, 34.063829 ], [ -118.164665, 34.063356 ], [ -118.164694, 34.063174 ], [ -118.164785, 34.0626 ], [ -118.16479144494896, 34.062560256156011 ], [ -118.169685831773606, 34.07155855544093 ] ] ] } },
{ "type": "Feature", "properties": { "beat_id": 62, "sector_id": 9 }, "geometry": { "type": "Polygon", "coordinates": [ [ [ -118.17058687630518, 34.080023047186664 ], [ -118.16652680030505, 34.076992212880349 ], [ -118.169685831773606, 34.07155855544093 ], [ -118.175424850524692, 34.073357852651782 ], [ -118.176898574018551, 34.077450336492028 ], [ -118.17058687630518, 34.080023047186664 ] ] ] } },
{ "type": "Feature", "properties": { "beat_id": 243, "sector_id": 9 }, "geometry": { "type": "Polygon", "coordinates": [ [ [ -118.175424850524692, 34.073357852651782 ], [ -118.169685831773606, 34.07155855544093 ], [ -118.16479144494896, 34.062560256156011 ], [ -118.164797, 34.062526 ], [ -118.164805, 34.062478 ], [ -118.164835, 34.062283 ], [ -118.165027, 34.062282 ], [ -118.165088, 34.062282 ], [ -118.165198, 34.062282 ], [ -118.1653, 34.062294 ], [ -118.16539, 34.062294 ], [ -118.165451, 34.062294 ], [ -118.165951, 34.062293 ], [ -118.166227, 34.062293 ], [ -118.166293, 34.062293 ], [ -118.168842, 34.062291 ], [ -118.169402, 34.06229 ], [ -118.169426, 34.06229 ], [ -118.170388137687794, 34.062289158234741 ], [ -118.179698060388333, 34.068886966546984 ], [ -118.175424850524692, 34.073357852651782 ] ] ] } },
{ "type": "Feature", "properties": { "beat_id": 143, "sector_id": 9 }, "geometry": { "type": "Polygon", "coordinates": [ [ [ -118.169918760108558, 34.084486255173459 ], [ -118.160524427256192, 34.086402305063615 ], [ -118.160524, 34.086348 ], [ -118.160503, 34.083685 ], [ -118.160483, 34.081165 ], [ -118.160496, 34.081082 ], [ -118.160519, 34.080944 ], [ -118.160528, 34.080889 ], [ -118.16054, 34.080814 ], [ -118.160521, 34.078554 ], [ -118.16052, 34.078478 ], [ -118.160518, 34.078239 ], [ -118.160514, 34.077718 ], [ -118.160510031795837, 34.077302287753497 ], [ -118.16652680030505, 34.076992212880349 ], [ -118.17058687630518, 34.080023047186664 ], [ -118.169918760108558, 34.084486255173459 ] ] ] } }
]
}
